ticker,max_duration_days,max_duration_start_date,max_duration_end_date,avg_turnover,notes,source
TACO,1185,2022-03-08,2025-06-04,6483803,be acquired by Jack in the box,https://www.reuters.com/markets/deals/jack-box-acquire-del-taco-over-450-mln-2021-12-06/
BINI,1144,2022-01-03,2025-02-19,18638985,so much reverse stock splits that the volume becomes 0,
FB,1113,2022-06-09,2025-06-25,5298604671,there is an ETF called FB,
IPOD,969,2022-10-17,2025-06-11,3863443,as a spac company failed to complete a merger and delisted,https://investorplace.com/2022/09/chamath-palihapitiya-is-giving-up-on-ipof-ipod-stocks/
VG,918,2022-07-21,2025-01-23,92663026,unknown reason,
SAIL,912,2022-08-16,2025-02-12,110979564,2022 turn into a private company and back in 2025,https://finance.yahoo.com/news/cybersecurity-firm-sailpoint-returns-to-markets-as-the-first-major-tech-ipo-of-the-year-173318594.html
ASPC,883,2022-08-04,2025-01-02,385099,,
SI,812,2023-05-11,2025-07-30,95484363,,
TOROV,765,2023-03-08,2025-04-10,249326,,
NIQ,758,2023-06-26,2025-07-22,3776195,,
NHIC,722,2023-04-26,2025-04-16,966996,,
ALTM,680,2022-02-23,2024-01-03,67607033,,
ALF,646,2022-10-25,2024-07-31,826288,,
MLAC,599,2023-06-13,2025-01-31,370270,,
CBIO,592,2023-10-31,2025-06-13,1472066,,
TEN,590,2022-11-17,2024-06-28,17956448,,
WSO.B,590,2023-06-21,2025-01-30,189111,,
ABTC,572,2024-02-09,2025-09-02,1521739,,
NESR,543,2023-04-28,2024-10-21,2389622,,
FACT,541,2023-07-18,2025-01-08,950828,,
FGMC,533,2023-08-28,2025-02-10,376003,,
BIO.B,532,2022-06-22,2023-12-05,225454,,
MDUw,513,2023-06-01,2024-10-25,738559,,
FMTO,512,2022-09-23,2024-02-16,2262175,,
HYAC,476,2022-05-27,2023-09-14,930587,,
NXU,453,2022-02-14,2023-05-12,3899342,,
SZZL,450,2024-02-28,2025-05-22,585087,,
GEw,448,2023-01-04,2024-03-26,11187091,,
LION,433,2023-03-08,2024-05-13,3748338,,
EMPD,400,2022-09-09,2023-10-13,5362443,,
ATLN,393,2023-11-14,2024-12-10,656021,,
HHH,390,2022-07-18,2023-08-11,18686267,,
CORZ,386,2023-01-03,2024-01-23,89554820,,
MOG.B,386,2023-07-13,2024-08-01,81994,,
SCHN,382,2022-08-15,2023-08-31,8715713,,
XTIA,382,2022-01-03,2023-01-19,5144259,,
GDEV,381,2022-02-28,2023-03-15,129387,,
WHLR,344,2022-09-07,2023-08-16,7796014,,
VELO,342,2024-09-11,2025-08-18,3664286,,
RAIN,341,2024-01-26,2024-12-31,770143,,
WHLRL,339,2024-08-28,2025-08-01,110057,,
KELYB,317,2023-12-26,2024-11-06,27338,,
TAP.A,314,2023-07-06,2024-05-14,111981,,
AACI,312,2024-08-16,2025-06-23,457352,,
FIEE,311,2024-07-24,2025-05-30,3306853,,
PFSA,298,2024-09-17,2025-07-11,1345070,,
RNAZ,296,2022-01-03,2022-10-25,3750744,,
BDRX,263,2022-01-03,2022-09-22,2928965,,
CRKN,260,2022-01-03,2022-09-19,5147626,,
ADTX,249,2022-01-03,2022-09-08,7201383,,
MAYS,248,2024-04-03,2024-12-06,53907,,
DBGI,245,2024-12-18,2025-08-19,2795299,return NYSE,
LBTYB,238,2022-08-04,2023-03-29,24624,,
SWSS,233,2023-07-06,2024-02-23,308096,,
CLRC,232,2024-05-31,2025-01-17,234759,,
ACON,218,2022-09-16,2023-04-21,3575936,,
VSEE,187,2023-04-10,2023-10-13,1257125,,
RFAC,184,2023-10-23,2024-04-23,406672,,
AINCw,176,2023-06-29,2023-12-21,515605,,
CLBR,175,2023-07-20,2024-01-10,3989536,,
DISA,175,2023-03-30,2023-09-20,761391,,
MNTN,174,2024-11-29,2025-05-21,3310258,,
GTAC,173,2024-02-26,2024-08-16,602156,,
OTEC,173,2023-06-12,2023-12-01,196459,,
SIM,171,2024-01-03,2024-06-21,65120,,
IIVI,168,2022-09-08,2023-02-22,66152682,,
KACL,162,2023-01-05,2023-06-15,254992,,
GATE,161,2024-05-16,2024-10-23,559516,,
GDST,161,2024-08-14,2025-01-21,346885,,
TGVC,161,2023-05-04,2023-10-11,291835,,
LATG,157,2024-04-22,2024-09-25,494681,,
NPAB,157,2023-06-28,2023-12-01,472003,,
NCAC,155,2023-01-20,2023-06-23,634618,,
CERO,150,2023-07-19,2023-12-15,4987035,,
BLEU,147,2023-08-24,2024-01-17,784231,,
GMFI,145,2023-06-26,2023-11-17,402989,,
ALLR,144,2022-01-03,2022-05-26,2693414,,
CNSP,144,2022-07-05,2022-11-25,1846415,,
PPYA,144,2024-08-05,2024-12-26,542741,,
PAFO,142,2022-04-14,2022-09-02,1236563,,
HORI,142,2022-10-17,2023-03-07,1214457,,
VSAC,142,2024-05-15,2024-10-03,269734,,
CLAY,142,2023-02-07,2023-06-28,109911,,
FXCO,139,2023-02-22,2023-07-10,294291,,
QOMO,139,2024-02-22,2024-07-09,183770,,
FLD,138,2024-08-02,2024-12-17,1602450,,
CVU,138,2022-05-20,2022-10-04,147591,,
AENT,137,2023-02-13,2023-06-29,239048,,
STI,136,2022-05-04,2022-09-16,3200288,,
IVCA,135,2024-08-26,2025-01-07,939853,,
CLOE,135,2023-01-17,2023-05-31,132820,,
STEX,133,2024-06-12,2024-10-22,1039909,,
QETA,133,2025-04-11,2025-08-21,374324,,
HVT.A,133,2023-12-21,2024-05-01,14692,,
EMCG,132,2025-03-27,2025-08-05,330104,,
SENEB,130,2025-02-18,2025-06-27,68543,,
DXF,129,2024-09-17,2025-01-23,660014,,
GENQ,129,2022-07-06,2022-11-11,542306,,
YOTA,129,2024-09-17,2025-01-23,289151,,
BNIX,125,2024-09-06,2025-01-08,197872,,
CDT,123,2022-07-01,2022-10-31,2356908,,
GCTK,123,2022-08-22,2022-12-22,1922652,,
JWAC,122,2022-02-16,2022-06-17,1216751,,
CAMP,121,2024-06-12,2024-10-10,995785,,
NOVV,121,2023-01-24,2023-05-24,164720,,
PLAO,120,2024-10-17,2025-02-13,1236758,,
MTRY,119,2023-07-07,2023-11-02,258229,,
XBP,118,2023-04-14,2023-08-09,1137115,,
AQU,115,2024-04-29,2024-08-21,179873,,
DEVS,114,2024-04-25,2024-08-16,2379243,,
SHUA,114,2022-06-22,2022-10-13,389762,,
AVHI,114,2023-02-07,2023-05-31,232530,,
ESAC,112,2023-06-02,2023-09-21,717205,,
DTSQ,112,2025-05-14,2025-09-02,625365,,
ACAQ,112,2023-01-25,2023-05-16,497261,,
FHLT,112,2023-02-14,2023-06-05,288169,,
ATMV,111,2025-04-24,2025-08-12,364252,,
MACA,111,2023-11-02,2024-02-20,212728,,
ESHA,108,2024-12-30,2025-04-16,551436,,
CCTS,108,2023-05-10,2023-08-25,473602,,
SWAG,108,2022-08-30,2022-12-15,237371,,
TGAA,107,2024-08-15,2024-11-29,665156,,
ARYD,107,2023-05-01,2023-08-15,631910,,
HWEL,107,2022-03-15,2022-06-29,623789,,
BWAQ,107,2022-05-12,2022-08-26,536428,,
IOR,107,2024-03-25,2024-07-09,39263,,
HSDT,105,2022-01-19,2022-05-03,1892876,,
AFJK,105,2025-05-21,2025-09-02,480299,,
ACAC,105,2022-08-16,2022-11-28,306280,,
PFXNZ,105,2022-07-15,2022-10-27,50378,,
DPCS,102,2024-06-24,2024-10-03,893462,,
VMCA,101,2023-10-25,2024-02-02,610377,,
FEXD,101,2024-05-07,2024-08-15,414512,,
VBFC,101,2023-02-01,2023-05-12,114004,,
TCOA,100,2022-04-18,2022-07-26,667068,,
AIB,100,2022-05-17,2022-08-24,222941,,
WBUY,99,2025-01-29,2025-05-07,4696883,,
CRZN,99,2022-09-29,2023-01-05,632604,,
ATAQ,99,2023-05-30,2023-09-05,555595,,
TLGY,99,2024-07-16,2024-10-22,520548,,
IGTA,99,2022-03-09,2022-06-15,485900,,
JMAC,99,2022-07-14,2022-10-20,403772,,
ENCP,98,2023-08-22,2023-11-27,374411,,
CNFRL,98,2022-10-13,2023-01-18,56064,,
HWH,97,2022-04-07,2022-07-12,4121063,,
LGST,97,2023-07-26,2023-10-30,766290,,
OCAX,97,2023-03-29,2023-07-03,501610,,
RCAC,96,2022-04-18,2022-07-22,408258,,
BRAC,96,2024-07-26,2024-10-29,265311,,
LSXMB,96,2022-10-06,2023-01-09,31558,,
EDTX,95,2023-02-21,2023-05-26,2163782,,
SFBC,95,2022-11-11,2023-02-13,158451,,
INTG,95,2023-01-31,2023-05-05,92810,,
OPTX,94,2023-06-21,2023-09-22,1441980,,
ACAH,94,2023-06-13,2023-09-14,688917,,
PEPL,94,2023-10-09,2024-01-10,275291,,
PRTC,94,2023-05-31,2023-09-01,90175,,
DGICB,94,2022-01-31,2022-05-04,29988,,
HCMA,93,2023-05-30,2023-08-30,956638,,
ATMC,93,2025-03-17,2025-06-17,319459,,
PEGR,92,2022-06-14,2022-09-13,1049207,,
ALCY,92,2025-05-22,2025-08-21,418294,,
LIVB,92,2023-05-19,2023-08-18,403749,,
HHGC,92,2022-01-13,2022-04-14,277593,,
ALCE,91,2023-08-15,2023-11-13,727061,,
OAKU,91,2025-04-23,2025-07-22,445825,,
SPK,91,2022-02-22,2022-05-23,130357,,
PPHP,91,2024-01-18,2024-04-17,88298,,
ABP,89,2024-04-18,2024-07-15,1073182,,
PCCT,89,2023-07-03,2023-09-29,776330,,
CNGL,89,2024-02-15,2024-05-13,565959,,
REVE,89,2022-08-22,2022-11-18,466155,,
NETC,88,2023-08-25,2023-11-20,972936,,
ITAQ,88,2022-05-10,2022-08-05,382112,,
GLLI,88,2022-04-12,2022-07-08,328311,,
MCAG,88,2024-01-23,2024-04-19,155030,,
SEDA,87,2022-04-12,2022-07-07,624275,,
SGHL,87,2022-06-07,2022-09-01,409779,,
WLYB,87,2022-04-06,2022-07-01,33623,,
SBDS,86,2025-04-23,2025-07-17,2127383,,
ZVSA,86,2022-03-23,2022-06-16,1707847,,
WRAC,86,2022-06-02,2022-08-26,815703,,
ESLA,86,2022-06-08,2022-09-01,690545,,
HWKZ,86,2022-01-04,2022-03-30,626473,,
AEAE,86,2024-08-08,2024-11-01,527356,,
DIST,86,2024-11-11,2025-02-04,347199,,
ASCA,86,2023-04-24,2023-07-18,259141,,
ADAL,85,2022-04-29,2022-07-22,1291569,,
DYCQ,85,2025-04-16,2025-07-09,594031,,
IXAQ,85,2024-01-03,2024-03-27,515674,,
OFSSH,85,2023-04-13,2023-07-06,41426,,
NKGN,84,2022-03-30,2022-06-21,1501796,,
PMGM,84,2023-09-21,2023-12-13,516849,,
STZ.B,84,2022-01-07,2022-03-31,141876,,
BSLK,83,2024-02-23,2024-05-15,8914628,,
DSAQ,83,2023-07-20,2023-10-10,843671,,
MEOA,83,2023-02-16,2023-05-09,515582,,
ICCH,83,2024-01-04,2024-03-26,107774,,
KLTO,82,2022-06-03,2022-08-23,7573715,,
DMYY,82,2022-12-08,2023-02-27,463639,,
NEN,82,2023-07-14,2023-10-03,108661,,
SUNE,81,2023-11-14,2024-02-02,7563668,,
SAMA,81,2023-05-23,2023-08-11,281546,,
AGM.A,81,2023-11-21,2024-02-09,114453,,
VRM,80,2024-12-02,2025-02-19,8602763,,
CMCA,80,2024-03-12,2024-05-30,950632,,
GOBI,80,2022-04-04,2022-06-22,91131,,
CNFRZ,80,2024-01-02,2024-03-21,47472,,
GYRO,80,2025-04-07,2025-06-25,30342,,
PWUP,79,2024-10-28,2025-01-14,668578,,
ARBG,79,2023-05-04,2023-07-21,522242,,
FSHP,79,2025-04-01,2025-06-18,367896,,
MBTC,79,2023-09-14,2023-12-01,200859,,
ADOC,79,2023-11-02,2024-01-19,182430,,
CONX,78,2023-12-22,2024-03-08,935629,,
ALOR,78,2023-08-28,2023-11-13,692983,,
FTII,78,2022-06-16,2022-09-01,436248,,
BKHA,78,2024-08-20,2024-11-05,344962,,
WTMA,78,2024-09-04,2024-11-20,277275,,
EJH,77,2022-03-24,2022-06-08,2372989,,
PUCK,77,2024-03-06,2024-05-21,680064,,
ONYX,77,2024-04-03,2024-06-18,473069,,
DUET,77,2024-09-05,2024-11-20,391771,,
OCCIN,77,2022-10-13,2022-12-28,68511,,
CHAA,76,2023-07-06,2023-09-19,671205,,
TMTC,76,2023-06-22,2023-09-05,486738,,
CALC,76,2023-03-30,2023-06-13,129292,,
QTI,75,2023-10-02,2023-12-15,535974,,
FORL,75,2024-09-06,2024-11-19,214102,,
DBD,74,2023-05-30,2023-08-11,6269927,,
BPAC,74,2022-03-28,2022-06-09,1635108,,
TPBA,73,2022-06-15,2022-08-26,884801,,
MOBV,73,2023-03-22,2023-06-02,512235,,
FNVT,72,2024-05-08,2024-07-18,559829,,
OHAA,72,2023-03-15,2023-05-25,377402,,
NOEM,72,2025-06-24,2025-09-03,355113,,
DILA,72,2022-02-10,2022-04-22,153177,,
JWSM,71,2024-08-19,2024-10-28,1910263,,
TRUG,71,2023-02-23,2023-05-04,947505,,
MITA,71,2024-09-23,2024-12-02,804423,,
BHAC,71,2022-03-25,2022-06-03,418775,,
INTE,71,2024-05-15,2024-07-24,233193,,
AIM,71,2025-04-07,2025-06-16,190103,,
FEDU,71,2023-11-24,2024-02-02,50060,,
PAPL,70,2025-05-13,2025-07-21,3010511,,
LVAC,70,2022-08-04,2022-10-12,580982,,
PGSS,70,2022-09-07,2022-11-15,474401,,
FRLA,70,2022-06-23,2022-08-31,366604,,
QDRO,70,2023-08-30,2023-11-07,157468,,
TOAC,69,2022-07-07,2022-09-13,820152,,
RACY,69,2022-08-25,2022-11-01,800832,,
CFFS,69,2024-07-31,2024-10-07,677666,,
BYTS,69,2023-09-22,2023-11-29,668531,,
KYCH,69,2022-10-21,2022-12-28,430273,,
FRMEP,69,2022-08-26,2022-11-02,39385,,
CYCU,68,2023-10-16,2023-12-22,1410728,,
CITE,68,2024-07-01,2024-09-06,799616,,
VCXB,68,2023-03-13,2023-05-19,691124,,
HMAC,68,2022-09-15,2022-11-21,493677,,
GRCY,68,2023-01-09,2023-03-17,203776,,
GPUS,67,2022-01-04,2022-03-11,7702673,,
EVGR,67,2024-10-15,2024-12-20,509704,,
WWAC,66,2023-07-05,2023-09-08,1380079,,
LFAC,66,2022-03-15,2022-05-19,751436,,
HSPT,66,2025-06-11,2025-08-15,494662,,
APXI,66,2022-01-31,2022-04-06,423323,,
RMCO,66,2023-04-10,2023-06-14,302540,,
BLNG,66,2022-05-02,2022-07-06,295290,,
FIG,65,2025-05-27,2025-07-30,44985183,,
AGBA,65,2022-05-11,2022-07-14,3556265,,
BNZI,65,2023-01-26,2023-03-31,2960336,,
EONR,65,2023-07-06,2023-09-08,1510620,,
GHIX,65,2024-03-27,2024-05-30,1030036,,
APMI,65,2022-06-01,2022-08-04,657031,,
GBBK,65,2025-02-04,2025-04-09,335199,,
VHAQ,65,2023-04-10,2023-06-13,333022,,
VBOC,65,2022-06-01,2022-08-04,285375,,
TYGO,64,2022-07-14,2022-09-15,482063,,
ADRT,64,2023-02-02,2023-04-06,465726,,
GWII,64,2022-06-28,2022-08-30,213571,,
WINV,64,2024-08-01,2024-10-03,179974,,
NRAC,63,2023-04-25,2023-06-26,481884,,
UPH,63,2023-09-19,2023-11-20,396765,,
HNNAZ,63,2024-10-15,2024-12-16,46396,,
ANGX,62,2022-08-11,2022-10-11,834076,,
SLAC,62,2023-08-31,2023-10-31,725316,,
CHEA,61,2022-08-15,2022-10-14,1219625,,
PRLH,61,2022-04-29,2022-06-28,875750,,
SCAQ,61,2022-05-13,2022-07-12,851096,,
SANB,61,2022-08-18,2022-10-17,675824,,
IFIN,61,2023-03-06,2023-05-05,578002,,
ATVC,61,2023-12-08,2024-02-06,433469,,
FVN,61,2025-06-30,2025-08-29,385225,,
ROCL,61,2023-09-15,2023-11-14,360277,,
BRLI,61,2022-03-28,2022-05-27,188400,,
IPAX,60,2022-01-04,2022-03-04,978866,,
SMIH,60,2022-04-19,2022-06-17,606915,,
BYNO,60,2022-07-25,2022-09-22,361529,,
FORTY,60,2024-11-15,2025-01-13,124202,,
VMGA,59,2022-08-17,2022-10-14,881076,,
PANA,59,2022-03-07,2022-05-04,780250,,
RIBB,59,2025-05-05,2025-07-02,378440,,
JAQC,59,2023-09-11,2023-11-08,191372,,
OXSQG,59,2023-12-05,2024-02-01,51857,,
FRBN,58,2022-09-21,2022-11-17,1046691,,
AIRJ,58,2023-11-09,2024-01-05,984792,,
AIEV,58,2024-03-21,2024-05-17,652133,,
GAQ,58,2024-08-29,2024-10-25,650370,,
CSLM,58,2024-11-07,2025-01-03,645638,,
BLUA,58,2024-01-31,2024-03-28,585671,,
APAC,58,2023-09-21,2023-11-17,489432,,
CPAQ,58,2022-07-05,2022-08-31,408419,,
GDNR,58,2022-09-06,2022-11-02,271474,,
MCAF,58,2022-09-15,2022-11-11,223812,,
LAAA,58,2022-06-23,2022-08-19,195592,,
CPAA,57,2022-06-22,2022-08-17,1340552,,
VAQC,57,2023-11-01,2023-12-27,1251809,,
MPRA,57,2022-05-03,2022-06-28,671112,,
GODN,57,2024-02-22,2024-04-18,473894,,
AFAR,57,2023-10-11,2023-12-06,461061,,
PCSC,57,2025-07-08,2025-09-02,328379,,
VGAS,57,2022-09-09,2022-11-04,238250,,
GBRG,57,2022-03-23,2022-05-18,197507,,
AMOD,56,2023-04-28,2023-06-22,2223354,,
NSTC,56,2023-06-21,2023-08-15,1285384,,
GRDI,56,2023-07-27,2023-09-20,1107023,,
TRCA,56,2022-04-06,2022-05-31,634049,,
XPAX,55,2022-06-24,2022-08-17,1059896,,
LCW,55,2022-07-22,2022-09-14,765633,,
LHAA,55,2022-02-09,2022-04-04,721506,,
PNST,55,2023-08-17,2023-10-10,464227,,
OFED,55,2023-01-18,2023-03-13,47831,,
AURC,54,2023-06-01,2023-07-24,2527255,,
BNOX,54,2022-04-25,2022-06-17,1891349,,
SIER,54,2022-04-21,2022-06-13,824929,,
EURK,54,2025-02-06,2025-03-31,532869,,
RDAC,54,2025-07-07,2025-08-29,337052,,
ONMD,53,2023-05-30,2023-07-21,2633108,,
MDAI,53,2023-02-17,2023-04-10,1661874,,
ATEK,53,2022-01-31,2022-03-24,635769,,
LVRA,53,2022-08-08,2022-09-29,575685,,
MARX,53,2024-08-12,2024-10-03,438692,,
TBMC,53,2025-03-03,2025-04-24,282982,,
LCA,52,2023-10-17,2023-12-07,1080301,,
XFIN,52,2022-04-18,2022-06-08,745614,,
CETU,52,2023-06-05,2023-07-26,581508,,
HPLT,52,2023-07-12,2023-09-01,531839,,
SNMP,52,2023-06-07,2023-07-28,509235,,
BUJA,52,2024-10-09,2024-11-29,430293,,
LIBY,52,2022-03-02,2022-04-22,419800,,
HSPO,52,2025-07-07,2025-08-27,396262,,
ALSA,52,2024-05-13,2024-07-03,392962,,
GIAC,52,2022-09-21,2022-11-11,392286,,
FICV,52,2023-09-05,2023-10-26,301312,,
RMGC,51,2024-02-28,2024-04-18,1329030,,
VHNA,51,2022-10-17,2022-12-06,1312192,,
ASCB,51,2023-09-11,2023-10-31,715337,,
MAYA,51,2025-06-10,2025-07-30,608865,,
ECDA,51,2023-08-10,2023-09-29,594182,,
HAIA,51,2024-09-05,2024-10-25,529377,,
COOL,51,2023-12-26,2024-02-14,492764,,
ZLS,51,2024-01-18,2024-03-08,437769,,
DECA,51,2024-08-08,2024-09-27,326947,,
BAYA,51,2024-11-11,2024-12-31,322513,,
SAGA,51,2023-05-18,2023-07-07,184696,,
CDIO,50,2022-07-20,2022-09-07,3591563,,
CIIG,50,2022-08-22,2022-10-10,1486256,,
GIG,50,2025-03-12,2025-04-30,1015187,,
ZWRK,50,2022-05-13,2022-07-01,1004576,,
CREC,50,2022-01-31,2022-03-21,985654,,
BGSX,50,2022-05-19,2022-07-07,779594,,
SCMA,50,2022-09-26,2022-11-14,705432,,
HLXB,50,2024-09-11,2024-10-30,564560,,
MEAC,50,2022-07-13,2022-08-31,491817,,
AOGO,50,2022-07-07,2022-08-25,370921,,
BMAQ,50,2022-12-28,2023-02-15,343674,,
LBBB,50,2022-06-16,2022-08-04,317498,,
PME,50,2022-12-30,2023-02-17,116728,,
SEPA,50,2023-11-07,2023-12-26,90015,,
CFSB,50,2024-02-15,2024-04-04,65825,,
WW,49,2025-05-16,2025-07-03,18785266,,
OSRH,49,2024-01-03,2024-02-20,3196201,,
BURU,49,2024-06-14,2024-08-01,2424876,,
NSTD,49,2023-06-30,2023-08-17,1152808,,
SHCA,49,2022-01-11,2022-02-28,705911,,
RCFA,49,2023-06-02,2023-07-20,651235,,
AMPE,49,2022-10-04,2022-11-21,623001,,
BOCN,49,2024-05-24,2024-07-11,620126,,
YHNA,49,2025-06-04,2025-07-22,494321,,
LAX,49,2022-08-23,2022-10-10,419822,,
MSSA,49,2022-06-16,2022-08-03,226149,,
INBKZ,49,2022-10-26,2022-12-13,61390,,
FATBB,49,2023-03-15,2023-05-02,34896,,
PBLA,48,2022-03-31,2022-05-17,2046484,,
NTWO,48,2025-06-26,2025-08-12,1116625,,
SUAC,48,2022-03-11,2022-04-27,1033137,,
JVSA,48,2025-03-20,2025-05-06,470873,,
ARIZ,48,2022-10-27,2022-12-13,325256,,
JATT,48,2022-05-05,2022-06-21,319452,,
TRNR,47,2023-12-04,2024-01-19,4829632,,
XAGE,47,2022-04-25,2022-06-10,1927908,,
DHCA,47,2023-05-01,2023-06-16,914839,,
APN,47,2022-05-06,2022-06-21,591934,,
SBC,47,2023-11-13,2023-12-29,407167,,
TRIS,46,2024-03-25,2024-05-09,1151983,,
SKYA,46,2022-04-18,2022-06-02,891407,,
USCT,46,2023-09-19,2023-11-03,838691,,
TBCP,46,2023-10-16,2023-11-30,757111,,
GSQB,46,2022-11-04,2022-12-19,650064,,
CBRG,46,2022-07-19,2022-09-02,603770,,
MLAI,46,2022-03-07,2022-04-21,585080,,
SCPX,46,2024-06-17,2024-08-01,402542,,
SSSSL,46,2023-09-05,2023-10-20,140671,,
BZAI,45,2023-09-11,2023-10-25,2081944,,
ICNC,45,2022-08-10,2022-09-23,924110,,
TENK,45,2023-09-27,2023-11-10,821936,,
LHC,45,2023-04-18,2023-06-01,750249,,
IPVF,45,2023-09-25,2023-11-08,403812,,
OSI,45,2022-09-07,2022-10-21,273845,,
ELLO,45,2023-01-25,2023-03-10,59171,,
GCTS,44,2023-06-07,2023-07-20,1751218,,
KNSW,44,2022-04-26,2022-06-08,859422,,
AFAQ,44,2022-08-08,2022-09-20,798448,,
FSRX,44,2023-10-12,2023-11-24,736545,,
CHAR,44,2025-05-19,2025-07-01,680852,,
CSTA,44,2023-08-30,2023-10-12,566668,,
GSHR,44,2025-07-02,2025-08-14,537065,,
MDJH,44,2023-02-13,2023-03-28,384701,,
AXH,44,2022-04-14,2022-05-27,383069,,
GLEE,44,2023-10-09,2023-11-21,154014,,
HIND,43,2022-09-23,2022-11-04,3461089,,
RRAC,43,2022-07-22,2022-09-02,1417960,,
ELIQ,43,2023-02-16,2023-03-30,1290020,,
STRE,43,2022-10-14,2022-11-25,1113559,,
ATAK,43,2022-07-21,2022-09-01,666454,,
PHYT,43,2022-06-21,2022-08-02,615130,,
COLA,43,2025-05-06,2025-06-17,535501,,
CCAI,43,2022-07-21,2022-09-01,341604,,
PCX,43,2022-02-03,2022-03-17,314107,,
BSGA,43,2023-01-19,2023-03-02,281787,,
ACBA,43,2022-01-18,2022-03-01,124118,,
MYND,43,2023-03-06,2023-04-17,97809,,
RAND,43,2023-04-05,2023-05-17,79779,,
IVCB,42,2022-02-11,2022-03-24,1139684,,
AONC,42,2023-06-06,2023-07-17,1029293,,
GVCI,42,2022-04-22,2022-06-02,876542,,
BRD,42,2022-03-17,2022-04-27,698189,,
AFAC,42,2022-08-11,2022-09-21,603603,,
BACA,42,2024-01-05,2024-02-15,591283,,
ROSE,42,2023-04-11,2023-05-22,518859,,
BROG,42,2023-02-23,2023-04-05,300099,,
PBBK,42,2024-10-24,2024-12-04,78251,,
SMX,41,2023-05-12,2023-06-21,5381798,,
IVCP,41,2023-12-07,2024-01-16,610593,,
IPVI,41,2022-08-10,2022-09-19,564666,,
SGII,41,2023-06-15,2023-07-25,496999,,
HUDA,41,2023-04-13,2023-05-23,423452,,
EAC,41,2023-05-11,2023-06-20,415892,,
LSBK,41,2024-11-27,2025-01-06,88519,,
GBNY,41,2024-05-09,2024-06-18,51644,,
KCGI,40,2024-04-15,2024-05-24,992028,,
SVNA,40,2022-03-04,2022-04-12,972760,,
CNTM,40,2023-05-08,2023-06-16,958454,,
CORS,40,2022-04-18,2022-05-27,899452,,
APCA,40,2023-04-17,2023-05-26,789386,,
BCSA,40,2023-05-15,2023-06-23,600148,,
HGAS,40,2023-02-16,2023-03-27,206418,,
WVFC,40,2022-03-21,2022-04-29,15683,,
RENE,39,2025-02-28,2025-04-07,881081,,
ARYE,39,2022-07-26,2022-09-02,878420,,
LCCC,39,2025-07-22,2025-08-29,779660,,
THCP,39,2023-08-07,2023-09-14,705847,,
RJAC,39,2023-02-21,2023-03-31,601692,,
GLAC,39,2025-02-24,2025-04-03,570141,,
KSI,39,2022-05-31,2022-07-08,485554,,
MCAE,39,2022-08-02,2022-09-09,260493,,
EUCR,39,2022-11-01,2022-12-09,137419,,
GECCO,39,2022-10-31,2022-12-08,57153,,
HCVI,38,2024-11-26,2025-01-02,1775245,,
GFGD,38,2022-05-03,2022-06-09,1177439,,
FTPA,38,2022-04-26,2022-06-02,812947,,
BTMD,38,2022-07-20,2022-08-26,728023,,
GPAC,38,2023-11-15,2023-12-22,484940,,
IOAC,38,2023-08-02,2023-09-08,469732,,
SVCC,38,2025-07-28,2025-09-03,446818,,
TETE,38,2023-05-17,2023-06-23,205290,,
CKX,38,2023-06-20,2023-07-27,82703,,
IROQ,38,2023-07-24,2023-08-30,50446,,
NUWE,37,2022-04-19,2022-05-25,2798094,,
RVAC,37,2022-02-22,2022-03-30,2131771,,
RACB,37,2022-07-21,2022-08-26,1836355,,
SOAR,37,2023-06-26,2023-08-01,1749243,,
AWIN,37,2022-06-06,2022-07-12,1621838,,
SUIG,37,2024-06-18,2024-07-24,1610993,,
JGGC,37,2022-04-14,2022-05-20,1335010,,
QSEA,37,2025-07-03,2025-08-08,1203416,,
MBSC,37,2022-01-04,2022-02-09,1109608,,
SISI,37,2022-09-22,2022-10-28,808173,,
LXEH,37,2022-01-27,2022-03-04,619927,,
PFTA,37,2024-09-16,2024-10-22,619757,,
EBAC,37,2022-05-12,2022-06-17,596797,,
AITR,37,2025-01-28,2025-03-05,401181,,
MAQC,37,2024-02-21,2024-03-28,364072,,
PLMJ,37,2024-11-05,2024-12-11,201805,,
BH.A,36,2023-10-13,2023-11-17,1632822,,
CDAQ,36,2024-09-13,2024-10-18,915256,,
VLAT,36,2022-10-24,2022-11-28,787003,,
GGAA,36,2022-10-11,2022-11-15,742360,,
COCH,36,2023-08-01,2023-09-05,736753,,
WAVC,36,2022-03-08,2022-04-12,673221,,
SPTK,36,2022-05-13,2022-06-17,645034,,
TWCB,36,2022-01-28,2022-03-04,587668,,
PLMI,36,2024-04-10,2024-05-15,580745,,
TLSI,36,2023-01-25,2023-03-01,543958,,
ISRL,36,2025-03-20,2025-04-24,443925,,
GACQ,36,2022-07-05,2022-08-09,350740,,
OCEA,35,2022-02-03,2022-03-09,5844481,,
SLAM,35,2023-09-22,2023-10-26,1451912,,
PRPC,35,2023-06-23,2023-07-27,1046700,,
TDAC,35,2025-07-24,2025-08-27,1013884,,
RNER,35,2022-07-20,2022-08-23,908638,,
KVAC,35,2024-11-22,2024-12-26,734238,,
GEEX,35,2022-09-29,2022-11-02,729482,,
TBSA,35,2022-11-15,2022-12-19,697428,,
ZT,35,2022-06-23,2022-07-27,593267,,
IBER,35,2022-01-20,2022-02-23,572666,,
CAPN,35,2025-07-18,2025-08-21,310310,,
VERY,35,2022-07-14,2022-08-17,37010,,
USBC,34,2025-01-30,2025-03-04,1364042,,
SBII,34,2022-05-11,2022-06-13,856023,,
DALS,34,2022-05-11,2022-06-13,846039,,
APTM,34,2022-05-11,2022-06-13,523244,,
HPH,34,2023-07-26,2023-08-28,156587,,
MTEX,34,2024-05-16,2024-06-18,86466,,
GRRR,33,2022-10-24,2022-11-25,17989769,,
GGMC,33,2022-03-11,2022-04-12,1435349,,
TMAC,33,2022-03-11,2022-04-12,1101004,,
JUN,33,2023-05-25,2023-06-26,951404,,
BYU,33,2024-09-06,2024-10-08,714066,,
CHEB,33,2025-01-03,2025-02-04,684693,,
GIW,33,2022-04-25,2022-05-27,325372,,
NYAX,33,2023-04-24,2023-05-26,276624,,
EVOJ,33,2022-04-04,2022-05-06,232199,,
BEDU,33,2025-07-24,2025-08-25,28873,,
EDNC,32,2022-04-05,2022-05-06,2214954,,
IACC,32,2022-02-08,2022-03-11,1387633,,
RKTA,32,2022-05-06,2022-06-06,1062253,,
HMA,32,2022-05-03,2022-06-03,864640,,
GOGN,32,2022-01-28,2022-02-28,832702,,
RGC,31,2022-10-03,2022-11-02,4918955,,
SVII,31,2025-04-22,2025-05-22,956761,,
MCAA,31,2023-09-25,2023-10-25,890462,,
DHBC,31,2022-08-29,2022-09-28,737372,,
KRNL,31,2024-03-12,2024-04-11,552128,,
BOWN,31,2024-07-15,2024-08-14,485616,,
BWAC,31,2023-04-03,2023-05-03,434256,,
OXUS,31,2023-04-17,2023-05-17,365023,,
OXAC,31,2023-01-24,2023-02-23,322925,,
LIEN,31,2022-07-05,2022-08-04,131984,,
HFBL,31,2023-01-30,2023-03-01,49458,,
CNNB,31,2022-07-06,2022-08-05,45324,,
IDBA,31,2022-06-01,2022-07-01,21934,,
BTM,30,2022-05-16,2022-06-14,1803321,,
TIOA,30,2022-04-28,2022-05-27,1406426,,
AHRN,30,2022-09-29,2022-10-28,1377857,,
NIR,30,2022-07-27,2022-08-25,936071,,
SHAP,30,2022-04-26,2022-05-25,903726,,
SCUA,30,2022-10-06,2022-11-04,892998,,
AXAC,30,2023-04-06,2023-05-05,874652,,
CTGO,30,2022-07-14,2022-08-12,866578,,
MACI,30,2024-12-18,2025-01-16,744086,,
SHAC,30,2022-05-11,2022-06-09,589793,,
ORIA,30,2022-04-07,2022-05-06,537048,,
GLTA,30,2022-09-20,2022-10-19,508971,,
TAVI,30,2025-07-30,2025-08-28,473485,,
ELSE,30,2024-07-01,2024-07-30,38413,,
MBAC,29,2023-04-21,2023-05-19,1175051,,
WNNR,29,2022-11-18,2022-12-16,1125631,,
SIMA,29,2025-07-10,2025-08-07,988344,,
BSAQ,29,2022-01-13,2022-02-10,984559,,
TWLV,29,2023-08-04,2023-09-01,781733,,
CFIV,29,2023-08-04,2023-09-01,723372,,
WTG,29,2025-08-06,2025-09-03,721469,,
CPTK,29,2023-04-04,2023-05-02,684054,,
IROH,29,2025-04-23,2025-05-21,550439,,
BNNR,29,2022-08-03,2022-08-31,524282,,
FATP,29,2022-09-16,2022-10-14,462305,,
GLST,29,2023-09-05,2023-10-03,278063,,
OXSQL,29,2023-09-06,2023-10-04,73814,,
GLBZ,29,2022-07-08,2022-08-05,33694,,
MDVL,28,2023-09-29,2023-10-26,2703409,,
HCNE,28,2022-05-17,2022-06-13,1269211,,
ENTF,28,2023-06-22,2023-07-19,1038438,,
BIOS,28,2022-06-16,2022-07-13,1000323,,
ADER,28,2023-03-23,2023-04-19,848525,,
LGVC,28,2023-05-18,2023-06-14,812536,,
CHWA,28,2022-06-15,2022-07-12,784500,,
GLHA,28,2022-08-04,2022-08-31,695007,,
FLYA,28,2022-11-03,2022-11-30,671000,,
CXAC,28,2023-09-13,2023-10-10,656891,,
IRRX,28,2022-03-17,2022-04-13,520388,,
QFTA,28,2023-09-15,2023-10-12,461035,,
WEL,28,2024-04-10,2024-05-07,333474,,
SPLP,28,2024-05-16,2024-06-12,272039,,
CFBK,28,2023-05-19,2023-06-15,204405,,
HVBC,28,2022-08-03,2022-08-30,139842,,
BWBBP,28,2022-01-20,2022-02-16,60995,,
MNSBP,28,2023-07-21,2023-08-17,51754,,
SEZL,27,2023-08-18,2023-09-13,37732358,,
KITT,27,2022-03-17,2022-04-12,3365402,,
GTPA,27,2022-02-04,2022-03-02,1672350,,
SDAC,27,2023-06-21,2023-07-17,937910,,
ARTE,27,2022-10-14,2022-11-09,718860,,
ENER,27,2023-11-02,2023-11-28,647988,,
FLYX,27,2023-07-05,2023-07-31,391998,,
NGC,27,2022-03-10,2022-04-05,381960,,
NEWTZ,27,2023-01-04,2023-01-30,193841,,
BDL,27,2024-04-17,2024-05-13,98796,,
GEGGL,27,2023-11-02,2023-11-28,69306,,
CNDA,26,2022-06-03,2022-06-28,1622241,,
AACB,26,2025-07-10,2025-08-04,1131605,,
PTOC,26,2022-10-17,2022-11-11,1078222,,
AKIC,26,2022-09-26,2022-10-21,1068098,,
GXII,26,2022-05-16,2022-06-10,990440,,
AMPI,26,2022-08-05,2022-08-30,973351,,
BMAC,26,2023-04-27,2023-05-22,816454,,
SSAA,26,2022-08-15,2022-09-09,728524,,
MACU,26,2022-02-11,2022-03-08,600755,,
LTRPB,26,2023-08-18,2023-09-12,439033,,
LJAQ,26,2022-11-10,2022-12-05,412482,,
PNBK,26,2023-01-20,2023-02-14,406234,,
GGGV,26,2022-03-25,2022-04-19,110957,,
SOC,25,2023-10-23,2023-11-16,15310612,,
PGAC,25,2025-08-11,2025-09-04,1260610,,
FWAC,25,2023-03-10,2023-04-03,1169670,,
SHQA,25,2022-02-22,2022-03-18,423163,,
PFIN,25,2022-11-01,2022-11-25,99322,,
GECCI,25,2025-01-31,2025-02-24,84466,,
OXSQZ,25,2023-05-01,2023-05-25,59030,,
MSVB,25,2022-06-27,2022-07-21,45021,,
ICU,24,2022-08-23,2022-09-15,2241360,,
AHPA,24,2022-02-02,2022-02-25,1127274,,
NFNT,24,2023-09-06,2023-09-29,1029181,,
TVA,24,2025-07-30,2025-08-22,958941,,
SPCM,24,2022-12-14,2023-01-06,747279,,
BALY,24,2024-11-27,2024-12-20,663590,,
BITE,24,2023-07-18,2023-08-10,378620,,
PMVC,24,2022-08-01,2022-08-24,207147,,
PFX,24,2023-04-18,2023-05-11,143302,,
TCBS,24,2024-07-17,2024-08-09,51833,,
MBAV,23,2025-02-06,2025-02-28,2535195,,
LCAA,23,2022-05-05,2022-05-27,2246901,,
GDHG,23,2023-06-21,2023-07-13,1816968,,
FMIV,23,2023-05-30,2023-06-21,1230665,,
LOCC,23,2022-11-17,2022-12-09,1223690,,
HOVR,23,2023-06-15,2023-07-07,1145399,,
ACDI,23,2022-10-20,2022-11-11,1116925,,
PLMK,23,2025-06-24,2025-07-16,1075560,,
PFDR,23,2022-11-10,2022-12-02,1051231,,
EVE,23,2024-08-06,2024-08-28,912598,,
TZPS,23,2022-08-11,2022-09-02,904341,,
FLAC,23,2022-05-03,2022-05-25,847045,,
ARGU,23,2022-10-20,2022-11-11,831220,,
TGR,23,2022-12-27,2023-01-18,818473,,
IIII,23,2022-02-02,2022-02-24,803338,,
BWC,23,2022-02-14,2022-03-08,770898,,
THAC,23,2022-07-21,2022-08-12,653749,,
HSAQ,23,2022-11-21,2022-12-13,630710,,
PNAC,23,2022-11-17,2022-12-09,616630,,
ITQ,23,2023-01-19,2023-02-10,610922,,
NMMC,23,2022-03-10,2022-04-01,599690,,
TUGC,23,2022-02-24,2022-03-18,592590,,
BELFA,23,2022-02-02,2022-02-24,512832,,
JYAC,23,2022-03-10,2022-04-01,484114,,
BLSA,23,2022-08-08,2022-08-30,386073,,
NBST,23,2022-07-19,2022-08-10,326328,,
SVT,23,2024-02-21,2024-03-14,149421,,
OXLCZ,23,2022-08-17,2022-09-08,130937,,
CCM,23,2022-11-22,2022-12-14,70696,,
PBHC,23,2023-10-30,2023-11-21,65056,,
NTZ,23,2023-08-09,2023-08-31,46311,,
GTN.A,23,2022-07-07,2022-07-29,34301,,
DYNX,22,2025-04-23,2025-05-14,5189512,,
NETD,22,2023-09-22,2023-10-13,1594100,,
GPAT,22,2025-07-03,2025-07-24,1354010,,
HLAH,22,2022-07-18,2022-08-08,1251425,,
LDHA,22,2022-11-04,2022-11-25,1128328,,
NFYS,22,2022-03-11,2022-04-01,1080333,,
UTAA,22,2022-02-07,2022-02-28,1076550,,
CLAA,22,2022-05-18,2022-06-08,982844,,
EPWR,22,2022-01-04,2022-01-25,977793,,
SKGR,22,2023-07-10,2023-07-31,921798,,
GNAC,22,2022-07-07,2022-07-28,793343,,
EQHA,22,2022-08-04,2022-08-25,750372,,
DTRT,22,2022-05-16,2022-06-06,741419,,
WQGA,22,2022-05-04,2022-05-25,660724,,
WALD,22,2022-12-16,2023-01-06,611815,,
PIAI,22,2023-07-25,2023-08-15,509284,,
FVAM,22,2022-02-01,2022-02-22,390893,,
ATA,22,2022-07-15,2022-08-05,271457,,
SYT,22,2023-09-19,2023-10-10,259284,,
HNVR,22,2023-05-18,2023-06-08,218812,,
RBKB,22,2022-07-11,2022-08-01,74344,,
ZING,21,2023-01-13,2023-02-02,2285608,,
FSNB,21,2023-09-20,2023-10-10,1283889,,
OPA,21,2022-11-29,2022-12-19,1000469,,
JUGG,21,2022-06-02,2022-06-22,971136,,
BSII,21,2024-10-09,2024-10-29,937973,,
UHG,21,2022-10-05,2022-10-25,818707,,
AVAC,21,2023-01-19,2023-02-08,774990,,
HTAQ,21,2022-05-13,2022-06-02,529701,,
ABGI,21,2022-07-07,2022-07-27,525453,,
MON,21,2022-07-06,2022-07-26,515689,,
PLTN,21,2023-04-20,2023-05-10,447564,,
KEQU,21,2023-10-26,2023-11-15,442293,,
UYSC,21,2025-07-29,2025-08-18,423060,,
TMPM,21,2022-05-06,2022-05-26,371260,,
PGRW,21,2022-04-07,2022-04-27,304639,,
ELUT,21,2022-07-22,2022-08-11,175999,,
BRLS,21,2024-08-01,2024-08-21,169780,,
OPT,21,2022-08-05,2022-08-25,57891,,
IMPPP,21,2022-10-06,2022-10-26,50319,,
CXAI,20,2023-01-19,2023-02-07,9343943,,
TCBP,20,2022-09-21,2022-10-10,2035195,,
SEGG,20,2023-05-26,2023-06-14,1918423,,
DFLI,20,2022-01-06,2022-01-25,1755708,,
LITT,20,2022-05-05,2022-05-24,1201809,,
LEGA,20,2022-05-20,2022-06-08,1196442,,
TWNI,20,2022-10-20,2022-11-08,1084023,,
BFAC,20,2024-10-10,2024-10-29,1042684,,
ESM,20,2022-05-12,2022-05-31,977717,,
HHLA,20,2023-12-15,2024-01-03,941164,,
KLAQ,20,2022-07-28,2022-08-16,877084,,
VCIC,20,2025-06-06,2025-06-25,812139,,
KWAC,20,2022-06-17,2022-07-06,383857,,
FNWD,20,2022-08-24,2022-09-12,242526,,
XTLB,20,2022-11-18,2022-12-07,175891,,
GAINZ,20,2023-09-28,2023-10-17,97256,,
OXLCO,20,2025-05-02,2025-05-21,60788,,
VIAO,20,2023-05-04,2023-05-23,45323,,
STET,19,2022-07-01,2022-07-19,1618212,,
ABL,19,2023-05-22,2023-06-09,1166944,,
LNZA,19,2022-07-07,2022-07-25,1157726,,
LOKV,19,2025-05-09,2025-05-27,1137341,,
BIOT,19,2022-12-05,2022-12-23,1053377,,
NSTB,19,2023-02-10,2023-02-28,944945,,
HCII,19,2022-09-29,2022-10-17,935618,,
RXRA,19,2022-07-08,2022-07-26,920698,,
ASAX,19,2022-09-09,2022-09-27,787065,,
JWEL,19,2024-01-25,2024-02-12,730872,,
FTEV,19,2022-08-05,2022-08-23,660812,,
AMBI,19,2024-01-26,2024-02-13,610225,,
GHAC,19,2022-08-29,2022-09-16,532633,,
RANG,19,2025-05-05,2025-05-23,414167,,
FOXW,19,2022-09-01,2022-09-19,336612,,
NYXH,19,2022-02-10,2022-02-28,331532,,
NSTS,19,2022-07-07,2022-07-25,112775,,
CULL,19,2022-11-21,2022-12-09,48387,,
SHLT,19,2023-07-10,2023-07-28,39440,,
GNLN,18,2022-02-22,2022-03-11,2289743,,
ACRO,18,2023-07-18,2023-08-04,1343005,,
CCIX,18,2024-11-01,2024-11-18,1055168,,
OACC,18,2025-07-22,2025-08-08,1039195,,
FTVI,18,2022-06-27,2022-07-14,949180,,
POND,18,2022-06-24,2022-07-11,801413,,
ARCK,18,2022-08-26,2022-09-12,650456,,
FGNX,18,2025-06-09,2025-06-26,371078,,
SPKL,18,2024-09-16,2024-10-03,360396,,
ANL,18,2024-01-16,2024-02-02,65698,,
AKO.A,18,2025-07-01,2025-07-18,34439,,
SANG,18,2022-03-11,2022-03-28,33322,,
DMN,17,2025-04-30,2025-05-16,2285833,,
AXIN,17,2025-08-19,2025-09-04,1429884,,
TRAQ,17,2022-12-05,2022-12-21,1389375,,
OEPW,17,2022-07-11,2022-07-27,1165802,,
FTAA,17,2022-08-15,2022-08-31,904043,,
SDHI,17,2025-08-18,2025-09-03,799643,,
SBXD,17,2025-03-11,2025-03-27,797413,,
IBAC,17,2025-07-28,2025-08-13,493067,,
VCXA,17,2023-07-24,2023-08-09,429314,,
VCKA,17,2022-09-13,2022-09-29,370829,,
PHIC,17,2022-06-21,2022-07-07,298351,,
OPOF,17,2022-08-17,2022-09-02,244592,,
MDRR,17,2025-07-23,2025-08-08,76385,,
POCI,17,2024-07-24,2024-08-09,58787,,
UNAM,17,2022-11-29,2022-12-15,22931,,
APGB,16,2023-09-13,2023-09-28,3063328,,
APVO,16,2022-10-26,2022-11-10,2084959,,
AILE,16,2022-02-15,2022-03-02,1800518,,
XHG,16,2022-09-26,2022-10-11,1468928,,
ASTI,16,2022-09-08,2022-09-23,1393823,,
CGCT,16,2025-07-17,2025-08-01,1357006,,
FRXB,16,2023-07-13,2023-07-28,1269920,,
IPXX,16,2023-09-28,2023-10-13,1166447,,
SNRH,16,2023-03-30,2023-04-14,1103132,,
VACH,16,2025-03-20,2025-04-04,999585,,
TVAI,16,2025-08-18,2025-09-02,895819,,
PICC,16,2022-01-04,2022-01-19,849262,,
DAOO,16,2022-06-23,2022-07-08,847081,,
LPAA,16,2025-07-30,2025-08-14,707324,,
SHFS,16,2022-03-24,2022-04-08,707323,,
DLCA,16,2022-07-11,2022-07-26,668515,,
DNZ,16,2023-01-05,2023-01-20,639459,,
TCAC,16,2022-03-30,2022-04-14,568833,,
RFAI,16,2025-04-10,2025-04-25,478479,,
BRIV,16,2022-11-15,2022-11-30,383298,,
DTI,16,2022-03-07,2022-03-22,382685,,
ICG,16,2023-11-06,2023-11-21,314106,,
PEBK,16,2022-07-06,2022-07-21,298757,,
LRE,16,2024-03-20,2024-04-04,152462,,
AUBN,16,2023-01-05,2023-01-20,73874,,
PHAR,16,2023-07-24,2023-08-08,73007,,
WHLM,16,2024-08-06,2024-08-21,60295,,
QLI,16,2023-09-18,2023-10-03,35445,,
AENZ,16,2023-10-05,2023-10-20,35145,,
KFFB,16,2025-08-20,2025-09-04,19018,,
TOP,15,2023-05-12,2023-05-26,7215025,,
MTAL,15,2022-09-30,2022-10-14,2575279,,
YTPG,15,2022-10-28,2022-11-11,1696412,,
KAIR,15,2022-09-30,2022-10-14,1160290,,
AGAC,15,2023-05-26,2023-06-09,1095006,,
BSKY,15,2022-09-01,2022-09-15,971332,,
ANAC,15,2022-08-24,2022-09-07,969842,,
CLRM,15,2022-06-03,2022-06-17,794975,,
POW,15,2022-01-05,2022-01-19,747860,,
FRW,15,2022-02-03,2022-02-17,739726,,
PSAG,15,2022-07-07,2022-07-21,686076,,
MLEC,15,2025-05-30,2025-06-13,664075,,
TWOA,15,2023-09-14,2023-09-28,588716,,
NBTX,15,2022-12-14,2022-12-28,538794,,
BPTS,15,2022-03-17,2022-03-31,462970,,
GRAF,15,2025-07-15,2025-07-29,405011,,
GAPA,15,2022-07-11,2022-07-25,372678,,
WLAC,15,2025-07-03,2025-07-17,363595,,
AIFE,15,2025-07-18,2025-08-01,237214,,
MOLN,15,2023-07-11,2023-07-25,162317,,
SSBI,15,2025-05-23,2025-06-06,117176,,
RDIB,15,2025-02-13,2025-02-27,108182,,
FSEA,15,2022-10-12,2022-10-26,106203,,
GECCZ,15,2024-11-11,2024-11-25,101359,,
WILC,15,2022-04-28,2022-05-12,87745,,
GNTA,15,2023-04-06,2023-04-20,41088,,
CCIR,14,2024-12-18,2024-12-31,5565063,,
CHSN,14,2024-10-08,2024-10-21,2072613,,
TCVA,14,2023-01-06,2023-01-19,1653151,,
PCPC,14,2022-05-27,2022-06-09,1598194,,
DCRD,14,2022-03-22,2022-04-04,1198450,,
TSIB,14,2022-01-28,2022-02-10,1147148,,
ATII,14,2025-07-22,2025-08-04,1123957,,
SVFB,14,2022-07-01,2022-07-14,973123,,
ADXN,14,2025-05-15,2025-05-28,787324,,
INAC,14,2025-08-15,2025-08-28,708577,,
TACH,14,2025-08-14,2025-08-27,634418,,
OMEG,14,2022-05-13,2022-05-26,546732,,
SLND,14,2022-09-01,2022-09-14,487060,,
MSAC,14,2022-10-07,2022-10-20,414394,,
IQMD,14,2023-02-10,2023-02-23,404894,,
AIRT,14,2025-05-30,2025-06-12,222158,,
FXNC,14,2022-04-05,2022-04-18,219102,,
SWKHL,14,2024-10-16,2024-10-29,120521,,
NEWTI,14,2024-10-24,2024-11-06,109068,,
TCBC,14,2023-06-23,2023-07-06,98043,,
OBAS,14,2022-01-28,2022-02-10,61841,,
YIBO,13,2024-05-08,2024-05-20,1463654,,
MACC,13,2022-11-16,2022-11-28,1283712,,
FERA,13,2025-08-15,2025-08-27,1228317,,
BTBD,13,2024-07-18,2024-07-30,959176,,
VSA,13,2023-10-11,2023-10-23,846517,,
SWET,13,2022-05-26,2022-06-07,826824,,
POLE,13,2025-03-21,2025-04-02,746909,,
NNAG,13,2024-07-03,2024-07-15,503673,,
AEAC,13,2022-06-17,2022-06-29,478679,,
MKC.V,13,2022-12-16,2022-12-28,205967,,
EMCF,13,2022-06-01,2022-06-13,144694,,
ANEB,13,2023-04-14,2023-04-26,120746,,
CSSEN,13,2023-07-13,2023-07-25,113286,,
PHCF,13,2023-03-09,2023-03-21,54890,,
DSWL,13,2023-10-04,2023-10-16,26951,,
AWX,13,2023-10-19,2023-10-31,24360,,
GTPB,12,2022-07-15,2022-07-26,2768951,,
MSDA,12,2022-11-10,2022-11-21,1947804,,
SCOB,12,2022-08-29,2022-09-09,1383774,,
ATGL,12,2025-07-24,2025-08-04,1171538,,
PDOT,12,2022-10-06,2022-10-17,1075517,,
TETC,12,2022-09-12,2022-09-23,1032946,,
AGMH,12,2023-10-27,2023-11-07,945302,,
MXC,12,2023-10-27,2023-11-07,886631,,
OHPA,12,2022-06-02,2022-06-13,755390,,
AGGR,12,2022-10-24,2022-11-04,729065,,
CTAQ,12,2022-09-02,2022-09-13,679881,,
RCHG,12,2022-08-05,2022-08-16,626881,,
HPX,12,2022-12-01,2022-12-12,586650,,
GFX,12,2023-03-13,2023-03-24,585227,,
FRON,12,2022-08-12,2022-08-23,579115,,
SBXC,12,2023-11-06,2023-11-17,569779,,
SRSA,12,2022-10-10,2022-10-21,538043,,
GSAQ,12,2022-06-06,2022-06-17,414655,,
CHPG,12,2025-07-24,2025-08-04,234758,,
CNFR,12,2023-06-22,2023-07-03,193875,,
GAINN,12,2022-10-07,2022-10-18,170706,,
CPBI,12,2025-07-10,2025-07-21,124925,,
CPHC,12,2024-10-18,2024-10-29,121341,,
BBIG,11,2022-08-05,2022-08-15,36684521,,
FOXO,11,2022-02-08,2022-02-18,3708517,,
KBSX,11,2025-02-21,2025-03-03,2681753,,
SBEV,11,2025-03-17,2025-03-27,1838543,,
BNC,11,2025-05-27,2025-06-06,1660011,,
BEAG,11,2025-03-18,2025-03-28,1454676,,
KVSA,11,2023-08-15,2023-08-25,1165555,,
WPCA,11,2022-04-19,2022-04-29,1087824,,
RAAQ,11,2025-07-25,2025-08-04,994562,,
DDC,11,2025-04-07,2025-04-17,950370,,
LPBB,11,2024-12-27,2025-01-06,840165,,
COVA,11,2022-02-08,2022-02-18,824913,,
ALDF,11,2025-01-07,2025-01-17,824877,,
BOAS,11,2022-02-04,2022-02-14,718464,,
EGHA,11,2025-07-28,2025-08-07,697907,,
KAII,11,2022-07-19,2022-07-29,697842,,
KIII,11,2022-08-02,2022-08-12,636152,,
BNR,11,2024-05-31,2024-06-10,570164,,
FZT,11,2022-05-16,2022-05-26,567986,,
TAYD,11,2022-02-01,2022-02-11,537271,,
MRNO,11,2024-10-18,2024-10-28,331234,,
VTVT,11,2025-07-21,2025-07-31,320912,,
LMST,11,2022-10-10,2022-10-20,271963,,
PHXM,11,2024-02-06,2024-02-16,229796,,
GBLI,11,2025-02-04,2025-02-14,213366,,
IMAQ,11,2023-11-07,2023-11-17,144817,,
CLST,11,2024-08-06,2024-08-16,95014,,
AIH,11,2023-09-25,2023-10-05,32450,,
BTAQU,11,2022-01-04,2022-01-14,15718,,
CEP,10,2024-09-23,2024-10-02,33010497,,
AHI,10,2022-10-03,2022-10-12,2824726,,
NAAC,10,2022-12-05,2022-12-14,1391715,,
MDIA,10,2023-11-20,2023-11-29,1241167,,
TRTL,10,2023-03-01,2023-03-10,1221511,,
FRSG,10,2023-02-08,2023-02-17,1032894,,
PV,10,2022-07-05,2022-07-14,1021172,,
CRAQ,10,2025-07-30,2025-08-08,1011503,,
QVCGB,10,2022-01-10,2022-01-19,809157,,
ROSS,10,2023-07-10,2023-07-19,800231,,
CYAD,10,2022-06-22,2022-07-01,695403,,
OBT,10,2022-04-18,2022-04-27,594861,,
MGLD,10,2024-09-30,2024-10-09,575537,,
HDL,10,2025-04-14,2025-04-23,394264,,
BHSE,10,2022-08-29,2022-09-07,392834,,
MPAC,10,2022-08-24,2022-09-02,243222,,
BRFH,10,2022-07-19,2022-07-28,158687,,
FCAP,10,2023-11-21,2023-11-30,155564,,
DIT,10,2025-05-21,2025-05-30,155546,,
LVRO,10,2024-05-01,2024-05-10,136120,,
WHFCL,10,2025-07-09,2025-07-18,124838,,
HALL,10,2023-10-02,2023-10-11,107588,,
ZEAL,10,2022-08-30,2022-09-08,77964,,
DXR,10,2024-06-18,2024-06-27,73732,,
FUSB,10,2023-07-24,2023-08-02,58141,,
TPET,9,2024-11-06,2024-11-14,2449487,,
PTIX,9,2023-07-10,2023-07-18,2277559,,
OTRA,9,2022-01-18,2022-01-26,2016881,,
DGNU,9,2022-07-07,2022-07-15,1930451,,
HTPA,9,2022-11-17,2022-11-25,1651255,,
REVB,9,2022-01-31,2022-02-08,1619797,,
BACQ,9,2024-12-23,2024-12-31,1391334,,
VPCB,9,2022-05-16,2022-05-24,1149220,,
UPC,9,2023-03-20,2023-03-28,1106669,,
MDH,9,2022-09-15,2022-09-23,1070028,,
ITHX,9,2022-03-08,2022-03-16,913203,,
CLAS,9,2022-08-04,2022-08-12,884502,,
LNFA,9,2022-06-27,2022-07-05,810554,,
HMCO,9,2022-10-11,2022-10-19,806979,,
AFTR,9,2023-07-06,2023-07-14,721683,,
LEGT,9,2025-06-05,2025-06-13,700344,,
RNDB,9,2022-01-05,2022-01-13,648436,,
NVSA,9,2022-08-15,2022-08-23,605379,,
AAMC,9,2022-12-20,2022-12-28,491229,,
VABK,9,2022-01-06,2022-01-14,376847,,
PRBM,9,2022-06-23,2022-07-01,366540,,
PYPD,9,2024-05-23,2024-05-31,312955,,
DDI,9,2023-03-01,2023-03-09,287783,,
BNRE.A,9,2024-04-17,2024-04-25,182685,,
NCSM,9,2024-05-29,2024-06-06,177755,,
OVBC,9,2022-03-23,2022-03-31,161614,,
LINK,9,2022-08-16,2022-08-24,131838,,
FFBW,9,2022-04-19,2022-04-27,124040,,
SER,9,2024-04-24,2024-05-02,122277,,
PROC,9,2022-10-13,2022-10-21,122055,,
HMNF,9,2022-01-05,2022-01-13,118631,,
BAFN,9,2023-08-21,2023-08-29,109113,,
METCL,9,2024-11-04,2024-11-12,97128,,
OCFCP,9,2024-03-11,2024-03-19,92025,,
PDCC,9,2024-12-05,2024-12-13,70687,,
CVR,9,2024-07-22,2024-07-30,67803,,
MGYR,9,2022-01-06,2022-01-14,60222,,
OMCC,9,2025-04-28,2025-05-06,48650,,
IHT,9,2023-03-27,2023-04-04,35635,,
JCTC,9,2022-02-08,2022-02-16,30257,,
MCTR,8,2025-04-30,2025-05-07,13180560,,
UAVS,8,2024-10-07,2024-10-14,4018748,,
SCRM,8,2022-05-20,2022-05-27,3490371,,
KVSC,8,2023-02-27,2023-03-06,2268475,,
ACQR,8,2022-05-13,2022-05-20,2139524,,
HIII,8,2022-05-19,2022-05-26,2131557,,
WPCB,8,2022-05-16,2022-05-23,1860712,,
FCAX,8,2022-08-15,2022-08-22,1822920,,
PACX,8,2022-10-11,2022-10-18,1716867,,
RONI,8,2022-08-24,2022-08-31,1538150,,
IPCX,8,2025-07-22,2025-07-29,1470634,,
KTTA,8,2024-04-26,2024-05-03,1417026,,
ISAA,8,2022-11-18,2022-11-25,1115299,,
FINM,8,2022-11-15,2022-11-22,1074148,,
HVII,8,2025-04-16,2025-04-23,961715,,
SOUL,8,2025-07-22,2025-07-29,913733,,
AAQC,8,2022-08-15,2022-08-22,899827,,
FVT,8,2022-03-10,2022-03-17,839055,,
NVFY,8,2023-10-18,2023-10-25,822482,,
CZFS,8,2022-06-09,2022-06-16,766751,,
BOAC,8,2023-10-13,2023-10-20,729891,,
OSTR,8,2022-09-14,2022-09-21,725091,,
VNCE,8,2023-01-10,2023-01-17,710626,,
LOKM,8,2022-08-09,2022-08-16,622157,,
TTNP,8,2024-05-02,2024-05-09,421765,,
MHUA,8,2022-06-28,2022-07-05,401097,,
BREZ,8,2023-11-22,2023-11-29,397753,,
OSA,8,2023-06-01,2023-06-08,394317,,
OVLY,8,2022-08-23,2022-08-30,372847,,
ALTU,8,2024-01-03,2024-01-10,354783,,
SLNG,8,2022-07-08,2022-07-15,329453,,
FRAF,8,2022-05-10,2022-05-17,310501,,
MLVF,8,2023-05-23,2023-05-30,254564,,
DWSN,8,2022-11-25,2022-12-02,233343,,
STRR,8,2023-07-26,2023-08-02,217613,,
CBFV,8,2024-04-11,2024-04-18,197662,,
AFRI,8,2022-12-07,2022-12-14,193930,,
IVA,8,2022-08-24,2022-08-31,168987,,
AFBI,8,2023-11-28,2023-12-05,159772,,
GECCH,8,2025-05-02,2025-05-09,157221,,
CNOBP,8,2022-07-05,2022-07-12,150181,,
MCLD,8,2022-07-01,2022-07-08,143169,,
ARL,8,2022-01-13,2022-01-20,124048,,
ARKR,8,2024-08-16,2024-08-23,106965,,
PRPO,8,2024-04-11,2024-04-18,106288,,
ENFY,8,2024-08-12,2024-08-19,98188,,
MSC,8,2025-07-18,2025-07-25,90853,,
CDZIP,8,2022-08-04,2022-08-11,90002,,
INLX,8,2023-07-13,2023-07-20,77817,,
BCOW,8,2022-07-19,2022-07-26,73908,,
TLF,8,2023-04-13,2023-04-20,65909,,
HLG,8,2022-05-06,2022-05-13,55605,,
BRID,8,2024-07-19,2024-07-26,51821,,
ATIF,8,2024-08-07,2024-08-14,34485,,
EQS,8,2022-06-17,2022-06-24,22780,,
APWC,8,2023-03-27,2023-04-03,19234,,
GSUN,7,2025-06-05,2025-06-11,2360794,,
PNRG,7,2022-04-21,2022-04-27,2176675,,
FIGX,7,2025-08-27,2025-09-02,1494112,,
TSPQ,7,2022-02-10,2022-02-16,1445609,,
JACS,7,2025-07-24,2025-07-30,1316308,,
SPKB,7,2022-08-19,2022-08-25,1296563,,
EFSH,7,2023-03-14,2023-03-20,1212456,,
RAC,7,2025-08-28,2025-09-03,1155289,,
CHPM,7,2022-03-18,2022-03-24,1141276,,
JOFF,7,2022-08-02,2022-08-08,1130320,,
TMBR,7,2022-11-02,2022-11-08,1024857,,
DNAB,7,2022-08-31,2022-09-06,1004020,,
TSRI,7,2024-02-28,2024-03-05,956392,,
FSSI,7,2022-09-01,2022-09-07,933554,,
MRM,7,2022-09-29,2022-10-05,891546,,
VTIQ,7,2022-07-13,2022-07-19,884420,,
CLIM,7,2022-08-10,2022-08-16,607859,,
ASAQ,7,2022-05-12,2022-05-18,544808,,
EEIQ,7,2024-05-22,2024-05-28,453180,,
ANTE,7,2024-06-07,2024-06-13,384622,,
RICO,7,2022-04-29,2022-05-05,333275,,
ESP,7,2022-07-08,2022-07-14,315568,,
LIVE,7,2025-03-13,2025-03-19,277396,,
SAL,7,2022-08-19,2022-08-25,210306,,
SOFO,7,2023-01-25,2023-01-31,189815,,
PTRS,7,2022-07-08,2022-07-14,153921,,
LRFC,7,2024-10-11,2024-10-17,152258,,
NSEC,7,2022-01-20,2022-01-26,146427,,
ASTC,7,2024-06-05,2024-06-11,105223,,
ARBKL,7,2025-06-06,2025-06-12,95155,,
MBBC,7,2025-08-28,2025-09-03,91229,,
CIZN,7,2023-07-19,2023-07-25,65155,,
CEPO,6,2025-01-24,2025-01-29,5439152,,
CVII,6,2024-07-03,2024-07-08,4658102,,
KSPN,6,2022-03-30,2022-04-04,3105605,,
LGAC,6,2022-03-18,2022-03-23,2380714,,
MESO,6,2023-04-20,2023-04-25,2149692,,
QSG,6,2023-04-12,2023-04-17,2146742,,
IMTE,6,2024-08-29,2024-09-03,2060985,,
LCFY,6,2023-04-05,2023-04-10,2057288,,
LDWY,6,2025-03-27,2025-04-01,1812658,,
CYCN,6,2024-04-18,2024-04-23,1787991,,
ACII,6,2022-09-30,2022-10-05,1456921,,
JENA,6,2025-08-29,2025-09-03,1453378,,
SGLY,6,2024-05-31,2024-06-05,1252685,,
MTVC,6,2022-11-25,2022-11-30,1211757,,
DMYS,6,2022-04-08,2022-04-13,1083337,,
DMAA,6,2025-05-15,2025-05-20,1059378,,
FEIM,6,2023-06-21,2023-06-26,1013641,,
KCHV,6,2025-08-21,2025-08-26,989349,,
IPX,6,2022-12-07,2022-12-12,927548,,
TATT,6,2023-03-10,2023-03-15,924797,,
HLXA,6,2022-02-04,2022-02-09,919891,,
FACA,6,2022-02-25,2022-03-02,830621,,
PGRU,6,2023-05-11,2023-05-16,722036,,
CUB,6,2024-12-26,2024-12-31,698859,,
TEKK,6,2022-03-11,2022-03-16,651790,,
BREA,6,2023-12-15,2023-12-20,644604,,
PDEX,6,2023-07-27,2023-08-01,608892,,
SNDA,6,2024-01-25,2024-01-30,568049,,
BRNS,6,2022-07-28,2022-08-02,550350,,
VTRU,6,2024-04-12,2024-04-17,532933,,
ISTR,6,2022-01-13,2022-01-18,504303,,
PSPC,6,2022-07-01,2022-07-06,501131,,
IGAC,6,2022-10-26,2022-10-31,409871,,
THCH,6,2025-04-30,2025-05-05,406582,,
ELTK,6,2023-05-03,2023-05-08,374837,,
STRW,6,2023-08-24,2023-08-29,349515,,
AMBO,6,2024-07-19,2024-07-24,316459,,
DCOMG,6,2025-07-16,2025-07-21,231147,,
SBFG,6,2023-01-06,2023-01-11,216560,,
OPXS,6,2023-04-27,2023-05-02,212813,,
CEA,6,2022-11-17,2022-11-22,182913,,
LARK,6,2024-10-24,2024-10-29,169153,,
NYC,6,2025-08-13,2025-08-18,155529,,
ALOT,6,2022-11-23,2022-11-28,143215,,
ADAG,6,2023-08-24,2023-08-29,122449,,
XYLO,6,2025-05-30,2025-06-04,113070,,
STG,6,2024-05-01,2024-05-06,110359,,
UBOH,6,2022-04-28,2022-05-03,109779,,
MOGU,6,2024-05-02,2024-05-07,98484,,
NSYS,6,2025-03-20,2025-03-25,93328,,
BKSC,6,2022-02-18,2022-02-23,92807,,
OPHC,6,2022-07-08,2022-07-13,90105,,
SYNX,6,2024-08-22,2024-08-27,88107,,
BSBK,6,2024-02-21,2024-02-26,77931,,
PATI,6,2023-01-05,2023-01-10,77360,,
NCRA,6,2024-04-12,2024-04-17,73121,,
RECT,6,2025-07-03,2025-07-08,69951,,
POSTw,6,2022-03-02,2022-03-07,68660,,
UBCP,6,2025-04-11,2025-04-16,68465,,
BOTJ,6,2023-10-04,2023-10-09,66650,,
JFU,6,2023-07-12,2023-07-17,61535,,
HIHO,6,2025-05-30,2025-06-04,56231,,
FWP,6,2022-11-18,2022-11-23,33236,,
IXHL,5,2023-03-10,2023-03-14,7922252,halt for 5 days,
WINT,5,2022-04-08,2022-04-12,2387426,,
GSEV,5,2022-10-14,2022-10-18,2340398,,
KZIA,5,2023-10-06,2023-10-10,1947482,,
CCVI,5,2023-10-06,2023-10-10,1835149,,
PNTM,5,2023-05-19,2023-05-23,1660790,,
KFII,5,2025-05-08,2025-05-12,1526386,,
ANSC,5,2024-01-25,2024-01-29,1473146,,
MIT,5,2022-02-25,2022-03-01,1467823,,
GSQD,5,2022-12-02,2022-12-06,1449345,,
EQV,5,2024-10-21,2024-10-25,1345566,,
SFWL,5,2025-07-25,2025-07-29,1335061,,
LWAC,5,2025-08-25,2025-08-29,1325009,,
SCLE,5,2022-06-02,2022-06-06,1202134,,
BNRG,5,2023-01-09,2023-01-13,1063952,,
LHw,5,2023-06-22,2023-06-26,1025434,,
COPL,5,2025-07-03,2025-07-07,970339,,
RMSG,5,2025-04-25,2025-04-29,867808,,
PMN,5,2023-02-13,2023-02-17,763618,,
VINO,5,2024-08-09,2024-08-13,761547,,
MARPS,5,2024-03-14,2024-03-18,667105,,
PMNT,5,2024-06-07,2024-06-11,630333,,
BSVN,5,2022-10-10,2022-10-14,624860,,
WAFU,5,2024-09-16,2024-09-20,597239,,
ZOOZ,5,2025-01-24,2025-01-28,594651,,
NOAC,5,2022-07-22,2022-07-26,584919,,
GLAQ,5,2022-05-19,2022-05-23,557373,,
MFH,5,2024-08-09,2024-08-13,504162,,
CHMG,5,2022-04-18,2022-04-22,502786,,
RBCN,5,2022-04-14,2022-04-18,462640,,
GDTC,5,2024-09-16,2024-09-20,419740,,
NEWTG,5,2025-07-18,2025-07-22,333069,,
DUOT,5,2022-05-23,2022-05-27,328636,,
GHLD,5,2023-01-19,2023-01-23,301230,,
ABLLL,5,2023-12-22,2023-12-26,298388,,
OCC,5,2022-12-01,2022-12-05,279146,,
ECBK,5,2024-04-05,2024-04-09,277911,,
FHS,5,2022-07-22,2022-07-26,264489,,
EXOZ,5,2025-08-25,2025-08-29,262256,,
MDWT,5,2023-02-13,2023-02-17,192900,,
COE,5,2024-10-18,2024-10-22,182211,,
HROWM,5,2024-12-23,2024-12-27,181331,,
YJ,5,2025-04-11,2025-04-15,157464,,
CSBR,5,2022-11-25,2022-11-29,133030,,
BYFC,5,2024-11-15,2024-11-19,118177,,
ESBK,5,2022-05-02,2022-05-06,113328,,
XBIO,5,2025-05-19,2025-05-23,73480,,
NEPH,5,2023-10-26,2023-10-30,68710,,
SIF,5,2024-07-05,2024-07-09,46413,,
IDW,5,2023-03-30,2023-04-03,39341,,
AAME,5,2024-03-21,2024-03-25,20308,,
OKLO,4,2022-11-29,2022-12-02,192250048,,
SBET,4,2023-10-17,2023-10-20,65266048,,
EH,4,2023-10-09,2023-10-12,18207887,,
NVNI,4,2023-11-21,2023-11-24,8366634,,
IPDN,4,2023-11-21,2023-11-24,3049639,,
HOND,4,2024-12-10,2024-12-13,3026075,,
GWAV,4,2023-07-21,2023-07-24,2596310,,
PHVS,4,2022-08-09,2022-08-12,2533497,,
HCWB,4,2024-04-08,2024-04-11,2091073,,
NCNC,4,2024-10-18,2024-10-21,1621385,,
GRI,4,2022-02-11,2022-02-14,1580259,,
BAOS,4,2023-03-06,2023-03-09,1572486,,
SNTG,4,2025-07-25,2025-07-28,1204595,,
ARBK,4,2022-12-09,2022-12-12,1134557,,
CHAC,4,2025-07-21,2025-07-24,1076559,,
HIGA,4,2022-08-26,2022-08-29,968851,,
JCIC,4,2022-05-24,2022-05-27,928351,,
JZ,4,2024-09-03,2024-09-06,904584,,
IMRN,4,2022-12-09,2022-12-12,692123,,
RAYA,4,2025-02-10,2025-02-13,545746,,
KGEI,4,2024-08-23,2024-08-26,468948,,
JUNE,4,2025-01-24,2025-01-27,461930,,
BGM,4,2024-12-17,2024-12-20,395277,,
CHNR,4,2023-10-27,2023-10-30,355142,,
NWGL,4,2023-11-21,2023-11-24,350853,,
ZCMD,4,2025-05-02,2025-05-05,338238,,
BQ,4,2023-11-06,2023-11-09,213674,,
OCG,4,2025-03-11,2025-03-14,189278,,
TCI,4,2022-01-28,2022-01-31,177806,,
TRT,4,2024-09-06,2024-09-09,146982,,
RCOR,4,2022-05-02,2022-05-05,92074,,
CCEL,4,2022-07-18,2022-07-21,65388,,
UTSI,4,2025-06-10,2025-06-13,15252,,
GSK,3,2022-07-19,2022-07-21,173553269,,
DJCO,3,2023-05-09,2023-05-11,4835010,,
ROCR,3,2022-01-05,2022-01-07,2143954,,
EOCW,3,2023-05-03,2023-05-05,1538854,,
GIIX,3,2022-08-23,2022-08-25,1510414,,
TKLF,3,2025-06-18,2025-06-20,1485055,,
DNAD,3,2023-05-09,2023-05-11,999226,,
EHCw,3,2022-06-27,2022-06-29,869479,,
SMTK,3,2024-07-03,2024-07-05,798105,,
WARR,3,2022-02-09,2022-02-11,733495,,
SGE,3,2023-11-13,2023-11-15,680623,,
JCSE,3,2025-03-31,2025-04-02,665364,,
IONM,3,2022-03-02,2022-03-04,646877,,
BSAA,3,2025-08-12,2025-08-14,631383,,
MTNB,3,2024-08-28,2024-08-30,625210,,
PMTR,3,2025-08-27,2025-08-29,498408,,
PAQC,3,2022-08-30,2022-09-01,472252,,
EDRY,3,2025-07-09,2025-07-11,413523,,
VBNK,3,2022-10-05,2022-10-07,411660,,
TCFC,3,2022-09-07,2022-09-09,332443,,
ESGL,3,2025-08-18,2025-08-20,294054,,
MDXH,3,2022-12-12,2022-12-14,272403,,
BHM,3,2025-08-13,2025-08-15,256643,,
AXR,3,2022-11-28,2022-11-30,253694,,
FSFG,3,2023-10-10,2023-10-12,233770,,
OFSSO,3,2025-08-27,2025-08-29,226074,,
UK,3,2022-07-13,2022-07-15,204658,,
TURB,3,2025-04-14,2025-04-16,196547,,
UNB,3,2023-05-31,2023-06-02,178620,,
NYMTZ,3,2023-11-13,2023-11-15,151138,,
XELB,3,2023-02-07,2023-02-09,133640,,
LSB,3,2024-10-01,2024-10-03,127206,,
HPAI,3,2025-07-07,2025-07-09,122548,,
OMQS,3,2022-12-07,2022-12-09,106679,,
UBP,3,2023-02-13,2023-02-15,103223,,
XOMAO,3,2024-04-30,2024-05-02,97118,,
NAII,3,2022-06-29,2022-07-01,66627,,
WFCF,3,2025-05-20,2025-05-22,65075,,
PAVS,3,2025-06-03,2025-06-05,60589,,
BBGI,3,2025-05-14,2025-05-16,45742,,
CLPS,3,2025-05-07,2025-05-09,39083,,
FTAIV,3,2022-07-27,2022-07-29,10584,,
NWG,2,2022-08-30,2022-08-31,21855600,,
BLUE,2,2022-06-09,2022-06-10,16290121,,
GSRT,2,2025-04-02,2025-04-03,5607709,,
APM,2,2023-11-13,2023-11-14,4647964,,
APDN,2,2023-11-21,2023-11-22,4247724,,
GDC,2,2023-04-10,2023-04-11,3833086,,
ELAB,2,2024-01-09,2024-01-10,3261397,,
GTEN,2,2025-07-07,2025-07-08,2395572,,
WETO,2,2025-05-15,2025-05-16,1952414,,
DNAA,2,2022-07-14,2022-07-15,1920617,,
REVH,2,2022-10-20,2022-10-21,1810760,,
AZTR,2,2023-11-16,2023-11-17,1602484,,
AAM,2,2025-04-22,2025-04-23,1489513,,
MPTI,2,2023-08-01,2023-08-02,1424433,,
HCAR,2,2022-09-07,2022-09-08,874173,,
OMIC,2,2024-07-23,2024-07-24,768490,,
VINC,2,2025-04-16,2025-04-17,741164,,
CETX,2,2023-01-23,2023-01-24,658994,,
TACA,2,2022-03-10,2022-03-11,657585,,
NTRB,2,2023-05-17,2023-05-18,651642,,
IMMP,2,2023-05-31,2023-06-01,621361,,
ATHE,2,2023-11-20,2023-11-21,568699,,
KRKR,2,2025-09-03,2025-09-04,527135,,
FGI,2,2024-04-04,2024-04-05,482071,,
RHE,2,2024-06-06,2024-06-07,450386,,
HLP,2,2025-02-04,2025-02-05,434767,,
CMCT,2,2023-11-09,2023-11-10,377386,,
OKYO,2,2023-02-08,2023-02-09,361977,,
WMPN,2,2022-05-24,2022-05-25,333300,,
VALU,2,2023-04-17,2023-04-18,319510,,
TRSG,2,2025-09-02,2025-09-03,308969,,
HTLM,2,2025-04-15,2025-04-16,261022,,
NVX,2,2024-06-05,2024-06-06,219905,,
SELX,2,2025-02-12,2025-02-13,194818,,
ELPC,2,2025-07-08,2025-07-09,169294,,
ARTW,2,2024-08-14,2024-08-15,158554,,
XIN,2,2025-04-16,2025-04-17,144623,,
SUMR,2,2022-01-26,2022-01-27,139524,,
IONR,2,2025-06-11,2025-06-12,132718,,
PLAG,2,2024-07-16,2024-07-17,129781,,
OXLCL,2,2022-04-05,2022-04-06,115761,,
ABLV,2,2023-12-20,2023-12-21,103124,,
COHN,2,2023-10-12,2023-10-13,102782,,
IMBIL,2,2022-09-26,2022-09-27,97250,,
PROV,2,2024-05-28,2024-05-29,96427,,
LGL,2,2024-10-23,2024-10-24,63673,,
AKTX,2,2024-02-13,2024-02-14,63238,,
BBIGV,2,2022-06-13,2022-06-14,8526,,
BIIB,1,2023-06-09,2023-06-09,260306340,,
CLSK,1,2024-11-08,2024-11-08,190435271,,
ALNY,1,2023-09-13,2023-09-13,182349620,,
SRPT,1,2023-05-12,2023-05-12,141903122,,
NVAX,1,2022-06-07,2022-06-07,130158275,,
CRSP,1,2023-10-31,2023-10-31,94311331,,
CYTK,1,2022-12-13,2022-12-13,76408362,,
GH,1,2024-05-23,2024-05-23,65915866,,
VERU,1,2022-11-09,2022-11-09,36416426,,
ACAD,1,2022-06-17,2022-06-17,35113545,,
QXO,1,2023-04-06,2023-04-06,26236383,,
ARDX,1,2022-11-16,2022-11-16,21860468,,
GERN,1,2024-03-14,2024-03-14,20856891,,
ICPT,1,2023-05-19,2023-05-19,17124841,,
AMLX,1,2022-03-30,2022-03-30,16994095,,
MLTX,1,2022-07-01,2022-07-01,16318561,,
PLL,1,2022-03-22,2022-03-22,15370063,,
HIVE,1,2023-07-12,2023-07-12,14425854,,
LBPH,1,2022-06-02,2022-06-02,13519265,,
INVA,1,2023-04-17,2023-04-17,11633818,,
SPRY,1,2023-05-11,2023-05-11,11165490,,
DRUG,1,2024-06-28,2024-06-28,10026782,,
GNS,1,2024-08-08,2024-08-08,9110163,,
WS,1,2023-11-29,2023-11-29,7819720,,
MYSE,1,2023-09-19,2023-09-19,6322813,,
CURR,1,2024-11-21,2024-11-21,6059194,,
FUSN,1,2022-06-06,2022-06-06,5792943,,
IMNM,1,2022-11-04,2022-11-04,5263618,,
DVLT,1,2022-10-12,2022-10-12,5043623,,
NERV,1,2025-05-01,2025-05-01,4516390,,
LXRX,1,2024-10-31,2024-10-31,4176086,,
AGRI,1,2023-05-31,2023-05-31,4080409,,
INKT,1,2023-03-09,2023-03-09,3980250,,
CDTX,1,2023-01-24,2023-01-24,3898278,,
ZVRA,1,2024-08-02,2024-08-02,3881299,,
VSTE,1,2024-02-29,2024-02-29,3786571,,
ALTS,1,2022-05-24,2022-05-24,3762481,,
GV,1,2024-08-27,2024-08-27,3703811,,
PRFX,1,2023-01-31,2023-01-31,3577477,,
ISPO,1,2024-05-30,2024-05-30,3464767,,
OST,1,2024-08-22,2024-08-22,3434108,,
HERA,1,2022-11-08,2022-11-08,3402646,,
DWTX,1,2022-09-01,2022-09-01,3312297,,
AACT,1,2023-10-06,2023-10-06,3255542,,
GSIW,1,2024-06-10,2024-06-10,3211719,,
VECT,1,2023-03-20,2023-03-20,3024051,,
UFG,1,2025-03-06,2025-03-06,2957018,,
HOUR,1,2023-11-20,2023-11-20,2867204,,
HUDI,1,2025-04-15,2025-04-15,2850911,,
LGV,1,2022-09-09,2022-09-09,2788455,,
FVIV,1,2022-08-23,2022-08-23,2786412,,
NVOS,1,2022-08-10,2022-08-10,2771205,,
VNME,1,2025-08-27,2025-08-27,2756248,,
ATXI,1,2022-02-15,2022-02-15,2723932,,
SPRC,1,2022-02-15,2022-02-15,2723088,,
SMFL,1,2023-12-15,2023-12-15,2717765,,
XXII,1,2022-11-25,2022-11-25,2666377,,
NWTG,1,2024-09-30,2024-09-30,2642391,,
GMHS,1,2025-07-11,2025-07-11,2636454,,
ACTD,1,2022-02-10,2022-02-10,2631878,,
PCOM,1,2022-04-14,2022-04-14,2623708,,
SPPI,1,2022-09-22,2022-09-22,2553846,,
ESSC,1,2022-09-13,2022-09-13,2551997,,
IMG,1,2023-09-29,2023-09-29,2548205,,
UBXG,1,2025-06-10,2025-06-10,2508057,,
ENPC,1,2022-08-26,2022-08-26,2443950,,
DFSC,1,2025-04-23,2025-04-23,2311415,,
TOPS,1,2024-10-24,2024-10-24,2256861,,
CGTL,1,2025-02-10,2025-02-10,2242056,,
ITIC,1,2023-02-27,2023-02-27,2240682,,
VZLA,1,2022-03-01,2022-03-01,2197020,,
VTAK,1,2023-01-09,2023-01-09,2149153,,
LDTC,1,2024-04-30,2024-04-30,2137900,,
HCTI,1,2022-05-23,2022-05-23,2108774,,
RYM,1,2025-08-05,2025-08-05,2102019,,
FEMY,1,2023-01-05,2023-01-05,2097008,,
SPPL,1,2024-02-21,2024-02-21,2095143,,
SVFC,1,2022-02-17,2022-02-17,2066103,,
NAOV,1,2023-07-17,2023-07-17,2055990,,
BLBX,1,2023-10-26,2023-10-26,2016791,,
BJDX,1,2023-03-02,2023-03-02,1988263,,
FRGT,1,2022-07-25,2022-07-25,1984100,,
LRHC,1,2024-02-13,2024-02-13,1936789,,
MNPR,1,2022-04-22,2022-04-22,1923757,,
EDN,1,2022-10-20,2022-10-20,1909649,,
EVAC,1,2025-08-29,2025-08-29,1868348,,
OCA,1,2022-04-01,2022-04-01,1861358,,
JYD,1,2024-08-07,2024-08-07,1839765,,
LIPO,1,2023-09-14,2023-09-14,1838887,,
SCNX,1,2023-11-09,2023-11-09,1826056,,
VEEE,1,2022-06-08,2022-06-08,1824103,,
GPCO,1,2022-05-27,2022-05-27,1769189,,
DNAC,1,2022-03-21,2022-03-21,1759759,,
TVAC,1,2022-01-06,2022-01-06,1752504,,
AUUD,1,2022-11-25,2022-11-25,1714786,,
BFRI,1,2023-09-19,2023-09-19,1677885,,
HKIT,1,2025-04-15,2025-04-15,1674539,,
BACC,1,2025-09-03,2025-09-03,1652787,,
GOAC,1,2022-01-12,2022-01-12,1588872,,
LIXT,1,2024-08-14,2024-08-14,1586059,,
BLUW,1,2025-08-21,2025-08-21,1572320,,
PETZ,1,2024-08-29,2024-08-29,1551915,,
OYSE,1,2025-08-08,2025-08-08,1496907,,
THCA,1,2022-01-04,2022-01-04,1465308,,
PCSA,1,2022-08-17,2022-08-17,1458588,,
CPAR,1,2022-11-25,2022-11-25,1440829,,
NVCT,1,2022-10-10,2022-10-10,1420707,,
ASNS,1,2023-01-09,2023-01-09,1416026,,
NURO,1,2025-04-11,2025-04-11,1412565,,
AEON,1,2025-02-25,2025-02-25,1406723,,
DSAC,1,2022-03-28,2022-03-28,1398403,,
VGII,1,2022-02-17,2022-02-17,1374378,,
ELWS,1,2024-08-09,2024-08-09,1360992,,
LUXA,1,2022-08-04,2022-08-04,1356026,,
DRDB,1,2025-04-16,2025-04-16,1347384,,
WAI,1,2025-06-02,2025-06-02,1342957,,
RIME,1,2024-04-05,2024-04-05,1338112,,
INAB,1,2022-07-08,2022-07-08,1329345,,
SERA,1,2022-11-25,2022-11-25,1326749,,
CREV,1,2023-12-27,2023-12-27,1323487,,
HCIC,1,2022-06-16,2022-06-16,1319988,,
MGIH,1,2025-08-29,2025-08-29,1292048,,
CCII,1,2025-08-26,2025-08-26,1288366,,
APLM,1,2025-05-06,2025-05-06,1270113,,
SAI,1,2022-11-25,2022-11-25,1238283,,
NA,1,2023-04-20,2023-04-20,1235194,,
SPGS,1,2022-05-04,2022-05-04,1213061,,
VERO,1,2024-01-04,2024-01-04,1211537,,
HZON,1,2023-03-10,2023-03-10,1191749,,
SPHA,1,2025-03-06,2025-03-06,1164509,,
ICCM,1,2022-10-17,2022-10-17,1161420,,
LWAY,1,2022-07-08,2022-07-08,1155426,,
NXL,1,2023-11-20,2023-11-20,1154891,,
VIRC,1,2022-03-02,2022-03-02,1107540,,
SCOA,1,2022-09-23,2022-09-23,1106473,,
RDAG,1,2025-07-24,2025-07-24,1105351,,
TINV,1,2022-03-11,2022-03-11,1096752,,
NVIV,1,2024-01-11,2024-01-11,1088974,,
TCRX,1,2023-04-25,2023-04-25,1081590,,
RDZN,1,2024-03-04,2024-03-04,1066202,,
SEAC,1,2023-08-04,2023-08-04,1033328,,
AUGX,1,2023-01-06,2023-01-06,1031074,,
LEAP,1,2022-07-06,2022-07-06,1021779,,
GTBP,1,2024-04-24,2024-04-24,987314,,
MTEM,1,2024-01-08,2024-01-08,982732,,
PCAP,1,2025-08-25,2025-08-25,966331,,
PMTS,1,2022-09-22,2022-09-22,960705,,
RKDA,1,2024-09-05,2024-09-05,933285,,
STRT,1,2024-04-26,2024-04-26,919430,,
AIHS,1,2024-05-30,2024-05-30,918792,,
GVH,1,2025-03-03,2025-03-03,918766,,
KEN,1,2023-09-13,2023-09-13,905228,,
NDAC,1,2022-02-28,2022-02-28,899264,,
CLYM,1,2023-10-09,2023-10-09,889691,,
XYF,1,2022-10-07,2022-10-07,888385,,
ADD,1,2023-08-01,2023-08-01,877174,,
SRXH,1,2025-04-24,2025-04-24,872274,,
EFOI,1,2023-10-04,2023-10-04,870987,,
JG,1,2024-05-07,2024-05-07,870192,,
CPIX,1,2024-05-23,2024-05-23,866324,,
FOUN,1,2022-06-23,2022-06-23,862827,,
RETO,1,2023-05-12,2023-05-12,862729,,
NPAC,1,2025-06-17,2025-06-17,848118,,
CJJD,1,2024-06-24,2024-06-24,846456,,
SQFT,1,2025-05-29,2025-05-29,840181,,
KARO,1,2022-12-20,2022-12-20,829248,,
NRXS,1,2024-10-09,2024-10-09,822367,,
AIRI,1,2023-06-22,2023-06-22,821227,,
CJET,1,2025-02-13,2025-02-13,816363,,
PESI,1,2022-06-29,2022-06-29,802848,,
SLCR,1,2022-06-29,2022-06-29,799923,,
BLTS,1,2022-11-25,2022-11-25,799120,,
XRTX,1,2024-02-06,2024-02-06,794762,,
ITRM,1,2024-09-09,2024-09-09,788654,,
SHIM,1,2024-10-15,2024-10-15,782649,,
GPL,1,2022-09-06,2022-09-06,772919,,
MEKA,1,2022-10-31,2022-10-31,770169,,
BRIA,1,2025-07-25,2025-07-25,767637,,
INTS,1,2023-10-27,2023-10-27,763220,,
ELMD,1,2022-04-28,2022-04-28,742805,,
EQD,1,2022-07-26,2022-07-26,738073,,
NIXX,1,2024-08-09,2024-08-09,729543,,
CPTN,1,2024-06-25,2024-06-25,721953,,
BNTC,1,2024-01-04,2024-01-04,715292,,
OLB,1,2024-08-14,2024-08-14,713784,,
OCFT,1,2024-05-29,2024-05-29,703307,,
COFS,1,2022-10-24,2022-10-24,702607,,
BTOC,1,2024-08-08,2024-08-08,685845,,
SMTI,1,2022-03-28,2022-03-28,685663,,
SCVX,1,2022-02-22,2022-02-22,679639,,
AEHL,1,2023-12-26,2023-12-26,674784,,
ATIP,1,2023-12-08,2023-12-08,667882,,
AREN,1,2024-10-18,2024-10-18,660616,,
ACOR,1,2024-01-09,2024-01-09,658884,,
BKTI,1,2024-02-06,2024-02-06,654886,,
MDCX,1,2025-01-28,2025-01-28,648360,,
VIVK,1,2023-06-28,2023-06-28,645300,,
EHLDV,1,2025-03-13,2025-03-13,645206,,
HGSH,1,2022-05-24,2022-05-24,643515,,
TAOX,1,2025-01-31,2025-01-31,642590,,
DTCK,1,2025-05-28,2025-05-28,639020,,
ZKIN,1,2025-05-02,2025-05-02,628727,,
TELA,1,2022-01-13,2022-01-13,627402,,
DPSI,1,2024-01-25,2024-01-25,624497,,
GHSI,1,2023-12-12,2023-12-12,605287,,
LSH,1,2025-07-09,2025-07-09,588911,,
ISLE,1,2022-05-05,2022-05-05,579816,,
MIND,1,2024-03-01,2024-03-01,576840,,
VSTD,1,2024-06-10,2024-06-10,573340,,
ELDN,1,2022-11-25,2022-11-25,572758,,
EUDA,1,2024-02-01,2024-02-01,568485,,
FATH,1,2024-04-04,2024-04-04,566720,,
CSPI,1,2022-11-09,2022-11-09,565299,,
OXLCI,1,2025-07-29,2025-07-29,564697,,
GB,1,2022-07-29,2022-07-29,560471,,
NTRP,1,2024-10-04,2024-10-04,558667,,
CFFI,1,2022-01-28,2022-01-28,551077,,
SMID,1,2023-05-23,2023-05-23,550093,,
BCLI,1,2023-09-27,2023-09-27,547283,,
SSBK,1,2022-06-08,2022-06-08,539165,,
GLE,1,2024-11-05,2024-11-05,534749,,
ERNA,1,2024-04-11,2024-04-11,528156,,
WXM,1,2025-08-27,2025-08-27,527625,,
RADX,1,2025-05-20,2025-05-20,521906,,
RILYG,1,2025-04-16,2025-04-16,520424,,
SJ,1,2025-08-21,2025-08-21,512132,,
ISBA,1,2025-08-21,2025-08-21,503527,,
OCS,1,2024-07-19,2024-07-19,500125,,
RAM,1,2022-06-03,2022-06-03,499789,,
FMST,1,2025-01-30,2025-01-30,493951,,
NISN,1,2023-07-07,2023-07-07,491125,,
FCCO,1,2022-08-04,2022-08-04,491016,,
NTBL,1,2024-10-14,2024-10-14,477953,,
BVFL,1,2024-05-09,2024-05-09,471793,,
BWAY,1,2022-11-01,2022-11-01,470090,,
DERM,1,2022-08-29,2022-08-29,463170,,
NMFCZ,1,2024-10-22,2024-10-22,456039,,
PWOD,1,2022-07-11,2022-07-11,455603,,
YYGH,1,2024-10-29,2024-10-29,449350,,
PLBC,1,2022-09-08,2022-09-08,448686,,
FFNW,1,2022-01-21,2022-01-21,442811,,
BNSO,1,2022-06-29,2022-06-29,441745,,
NVA,1,2024-07-30,2024-07-30,440508,,
JXJT,1,2023-10-09,2023-10-09,438626,,
SRBK,1,2024-04-25,2024-04-25,438318,,
FDBC,1,2022-08-30,2022-08-30,434039,,
FUNC,1,2023-08-29,2023-08-29,433149,,
YI,1,2025-08-27,2025-08-27,429223,,
NVCN,1,2022-10-13,2022-10-13,423586,,
AMBR,1,2024-04-04,2024-04-04,415372,,
CNL,1,2024-08-30,2024-08-30,409771,,
MIXT,1,2023-04-24,2023-04-24,404418,,
NWFL,1,2022-03-28,2022-03-28,404274,,
MNSB,1,2022-08-19,2022-08-19,403562,,
LFTR,1,2022-08-24,2022-08-24,403499,,
LGCB,1,2024-09-11,2024-09-11,402917,,
NKSH,1,2022-10-21,2022-10-21,400744,,
BMTX,1,2024-04-12,2024-04-12,399746,,
LANV,1,2024-10-11,2024-10-11,399011,,
USCB,1,2022-02-04,2022-02-04,398103,,
FLX,1,2025-03-14,2025-03-14,395715,,
FNCH,1,2023-11-24,2023-11-24,390421,,
UFAB,1,2022-05-10,2022-05-10,385830,,
MRBK,1,2022-08-05,2022-08-05,381642,,
MNTX,1,2022-11-07,2022-11-07,380934,,
MBINM,1,2025-02-24,2025-02-24,375555,,
PC,1,2025-08-15,2025-08-15,375076,,
VHC,1,2025-04-21,2025-04-21,372697,,
LEJU,1,2023-11-13,2023-11-13,368765,,
BRN,1,2023-11-17,2023-11-17,365191,,
HHS,1,2025-07-30,2025-07-30,364664,,
VALN,1,2023-09-15,2023-09-15,360451,,
CALB,1,2022-09-21,2022-09-21,356392,,
XBIT,1,2023-09-07,2023-09-07,355966,,
ONCT,1,2024-05-03,2024-05-03,354821,,
TRINL,1,2024-07-19,2024-07-19,351936,,
HBANM,1,2025-08-27,2025-08-27,351162,,
RGCO,1,2022-10-24,2022-10-24,342465,,
BNRE,1,2024-05-20,2024-05-20,340555,,
PRE,1,2024-01-25,2024-01-25,337963,,
CGBDL,1,2025-08-25,2025-08-25,336207,,
DLA,1,2024-02-06,2024-02-06,334113,,
GFED,1,2022-02-17,2022-02-17,334103,,
PPIH,1,2024-01-16,2024-01-16,333552,,
AKA,1,2025-09-04,2025-09-04,330400,,
MBCN,1,2022-01-05,2022-01-05,329084,,
ESSA,1,2022-03-24,2022-03-24,325498,,
CNTG,1,2022-05-16,2022-05-16,322676,,
AUID,1,2023-11-16,2023-11-16,320554,,
TC,1,2022-06-24,2022-06-24,317118,,
FINW,1,2023-02-14,2023-02-14,312907,,
EML,1,2024-01-18,2024-01-18,312752,,
RDGT,1,2025-06-02,2025-06-02,311726,,
ACNT,1,2024-02-21,2024-02-21,311437,,
MTR,1,2024-12-10,2024-12-10,306589,,
BPYPN,1,2023-09-05,2023-09-05,306305,,
PELI,1,2025-07-31,2025-07-31,304785,,
GRNQ,1,2025-05-02,2025-05-02,293857,,
MFICL,1,2025-02-26,2025-02-26,286658,,
FEBO,1,2025-05-22,2025-05-22,285753,,
MLP,1,2022-11-25,2022-11-25,285504,,
EPOW,1,2025-09-03,2025-09-03,283513,,
LBGJ,1,2025-05-27,2025-05-27,280323,,
AC,1,2022-11-25,2022-11-25,279173,,
ONFO,1,2025-04-17,2025-04-17,278468,,
MODD,1,2023-02-22,2023-02-22,276048,,
MOVE,1,2022-10-28,2022-10-28,274043,,
SNAL,1,2023-07-11,2023-07-11,273906,,
FOSLL,1,2025-06-26,2025-06-26,273825,,
SGA,1,2023-03-03,2023-03-03,272942,,
MBINO,1,2022-05-24,2022-05-24,267001,,
PLUR,1,2025-02-06,2025-02-06,266530,,
EBMT,1,2024-04-25,2024-04-25,266111,,
GBNH,1,2022-02-03,2022-02-03,262612,,
FBYD,1,2024-05-10,2024-05-10,259629,,
CALT,1,2022-07-22,2022-07-22,259406,,
VENA,1,2022-07-18,2022-07-18,259078,,
HWBK,1,2024-08-14,2024-08-14,254194,,
ZIONL,1,2024-05-08,2024-05-08,253243,,
WSBK,1,2025-07-29,2025-07-29,253058,,
NTIC,1,2022-03-11,2022-03-11,249847,,
FTLF,1,2023-11-09,2023-11-09,247806,,
MI,1,2024-10-01,2024-10-01,244667,,
AKU,1,2022-06-06,2022-06-06,237307,,
FRES,1,2024-08-16,2024-08-16,235859,,
CMPOV,1,2025-02-25,2025-02-25,235533,,
MKZR,1,2024-11-29,2024-11-29,232106,,
MBINN,1,2022-05-19,2022-05-19,231084,,
TPHS,1,2022-06-01,2022-06-01,226342,,
IMDX,1,2024-09-12,2024-09-12,225944,,
ALAC,1,2022-02-16,2022-02-16,224469,,
CZWI,1,2022-09-08,2022-09-08,222919,,
SNSE,1,2025-08-29,2025-08-29,222653,,
IPWR,1,2022-12-01,2022-12-01,222552,,
MYNA,1,2024-02-15,2024-02-15,220064,,
RMBI,1,2023-06-27,2023-06-27,218054,,
DISCB,1,2022-02-07,2022-02-07,216583,,
ONBPO,1,2024-07-19,2024-07-19,216383,,
CSWCZ,1,2024-10-21,2024-10-21,214792,,
UCL,1,2023-12-14,2023-12-14,213154,,
OBCI,1,2022-03-11,2022-03-11,212002,,
SSKN,1,2025-01-02,2025-01-02,207094,,
GAINL,1,2025-05-07,2025-05-07,206436,,
APRE,1,2023-12-11,2023-12-11,202900,,
LMNL,1,2023-03-23,2023-03-23,201951,,
MHH,1,2024-01-24,2024-01-24,199357,,
STIX,1,2022-10-20,2022-10-20,199299,,
NYMTL,1,2025-07-18,2025-07-18,198961,,
SRZN,1,2022-10-28,2022-10-28,195654,,
ONE,1,2022-11-29,2022-11-29,194901,,
CMDBw,1,2025-05-02,2025-05-02,191436,,
CDRO,1,2022-09-29,2022-09-29,186824,,
VSTA,1,2024-04-24,2024-04-24,183205,,
GLADZ,1,2024-11-01,2024-11-01,180768,,
ATLCL,1,2023-03-28,2023-03-28,177132,,
MAMO,1,2025-05-12,2025-05-12,176174,,
NXXT,1,2024-07-19,2024-07-19,172998,,
LUMO,1,2023-03-24,2023-03-24,171499,,
HROWL,1,2024-09-27,2024-09-27,170405,,
REED,1,2023-01-26,2023-01-26,169159,,
IPHA,1,2023-07-11,2023-07-11,166383,,
ALPS,1,2023-01-25,2023-01-25,164071,,
BGI,1,2023-12-06,2023-12-06,162737,,
MATH,1,2024-07-03,2024-07-03,161665,,
RWAYZ,1,2024-09-19,2024-09-19,160673,,
KUKE,1,2025-07-25,2025-07-25,160054,,
AACG,1,2024-02-22,2024-02-22,159384,,
RWAYL,1,2024-11-12,2024-11-12,156815,,
ACCS,1,2023-06-06,2023-06-06,156019,,
ROLR,1,2025-05-05,2025-05-05,156005,,
FPAY,1,2023-11-02,2023-11-02,153295,,
TANNI,1,2022-09-21,2022-09-21,151488,,
SGRP,1,2024-02-26,2024-02-26,151459,,
CLWT,1,2023-08-02,2023-08-02,151012,,
TACT,1,2025-04-25,2025-04-25,149152,,
LABP,1,2023-08-16,2023-08-16,148267,,
STCN,1,2024-02-16,2024-02-16,147650,,
CLGN,1,2024-10-14,2024-10-14,146810,,
BOSC,1,2023-05-15,2023-05-15,146206,,
RFIL,1,2024-05-02,2024-05-02,146166,,
NH,1,2023-04-04,2023-04-04,143747,,
SIEB,1,2023-01-18,2023-01-18,141008,,
RSSS,1,2022-03-23,2022-03-23,140882,,
PT,1,2024-08-30,2024-08-30,135564,,
SLGL,1,2023-11-01,2023-11-01,134845,,
FNCB,1,2022-04-28,2022-04-28,133004,,
LSTA,1,2024-05-08,2024-05-08,131073,,
YQ,1,2024-07-30,2024-07-30,127389,,
CIG.C,1,2024-04-17,2024-04-17,123987,,
CHCI,1,2023-09-27,2023-09-27,123541,,
CRD.B,1,2023-02-14,2023-02-14,122841,,
RILYL,1,2022-01-12,2022-01-12,122029,,
TLIS,1,2023-09-27,2023-09-27,121764,,
SYBX,1,2025-05-01,2025-05-01,118281,,
HUIZ,1,2025-08-29,2025-08-29,118223,,
ODYS,1,2025-09-04,2025-09-04,117331,,
PXDT,1,2024-01-25,2024-01-25,113557,,
GEG,1,2024-02-26,2024-02-26,111350,,
SEMw,1,2024-11-22,2024-11-22,107587,,
FENG,1,2025-03-27,2025-03-27,104106,,
ARMP,1,2024-10-15,2024-10-15,102356,,
LIQT,1,2025-06-04,2025-06-04,102210,,
OXBR,1,2024-04-09,2024-04-09,101409,,
GURE,1,2022-10-06,2022-10-06,100065,,
GNFT,1,2023-05-01,2023-05-01,94721,,
SSY,1,2024-04-10,2024-04-10,94370,,
MDBH,1,2024-04-26,2024-04-26,90708,,
CSCI,1,2025-07-03,2025-07-03,89855,,
GREEL,1,2025-07-24,2025-07-24,88796,,
GIGM,1,2023-06-05,2023-06-05,88707,,
AHG,1,2025-03-31,2025-03-31,87247,,
HNNA,1,2023-02-23,2023-02-23,85926,,
FFHL,1,2022-03-11,2022-03-11,85073,,
JRSH,1,2024-08-30,2024-08-30,84514,,
TURN,1,2023-03-03,2023-03-03,82854,,
SFE,1,2023-02-06,2023-02-06,82805,,
ICCC,1,2023-03-31,2023-03-31,80533,,
AMOV,1,2022-09-01,2022-09-01,79789,,
NMRD,1,2022-11-23,2022-11-23,77918,,
AXIL,1,2024-09-24,2024-09-24,75427,,
SMIT,1,2022-06-08,2022-06-08,71800,,
FKWL,1,2023-08-11,2023-08-11,71796,,
SRL,1,2023-02-01,2023-02-01,70581,,
CMREw,1,2025-05-02,2025-05-02,69602,,
EDTK,1,2024-01-31,2024-01-31,67363,,
AMS,1,2025-01-24,2025-01-24,67118,,
SOTK,1,2022-05-06,2022-05-06,66093,,
ITCL,1,2023-07-13,2023-07-13,63097,,
IH,1,2024-08-16,2024-08-16,58729,,
PMD,1,2024-05-13,2024-05-13,57344,,
YHGJ,1,2024-08-07,2024-08-07,56497,,
NTWK,1,2022-11-25,2022-11-25,54035,,
EDUC,1,2025-08-06,2025-08-06,53109,,
EPRX,1,2024-08-05,2024-08-05,53108,,
EVK,1,2022-10-28,2022-10-28,52238,,
DYNT,1,2023-10-03,2023-10-03,49647,,
PTNR,1,2022-06-03,2022-06-03,49358,,
HMG,1,2022-01-19,2022-01-19,48773,,
CPAC,1,2024-09-20,2024-09-20,48588,,
TAIT,1,2024-10-10,2024-10-10,45666,,
GTIM,1,2024-10-15,2024-10-15,45661,,
ZIVO,1,2022-11-25,2022-11-25,43645,,
WVVI,1,2023-11-24,2023-11-24,40383,,
SFUN,1,2022-05-06,2022-05-06,37387,,
SVVC,1,2022-11-25,2022-11-25,35244,,
CYAN,1,2023-10-11,2023-10-11,35225,,
NTIP,1,2023-05-08,2023-05-08,33211,,
MSN,1,2024-10-31,2024-10-31,17395,,
LGLw,1,2022-10-04,2022-10-04,7245,,
INPXV,1,2023-03-07,2023-03-07,3558,,
